song,artist,year,month,n_weeks,rank_w_mean,dolly_parton,date_short
'Tis The Damn Season,Taylor Swift,2020,12,1,39.0,0,2020-12-01
'Tis The Damn Season,Taylor Swift,2021,1,1,91.0,0,2021-01-01
(Marie's The Name) His Latest Flame,Elvis Presley,1961,8,1,66.0,0,1961-08-01
(Marie's The Name) His Latest Flame,Elvis Presley,1961,9,4,17.0,0,1961-09-01
(Marie's The Name) His Latest Flame,Elvis Presley,1961,10,5,33.0,0,1961-10-01
(Marie's The Name) His Latest Flame,Elvis Presley,1961,11,1,57.0,0,1961-11-01
(Now and Then There's) A Fool Such As I,Elvis Presley With The Jordanaires,1959,3,2,45.0,0,1959-03-01
(Now and Then There's) A Fool Such As I,Elvis Presley With The Jordanaires,1959,4,4,7.0,0,1959-04-01
(Now and Then There's) A Fool Such As I,Elvis Presley With The Jordanaires,1959,5,4,8.25,0,1959-05-01
(Now and Then There's) A Fool Such As I,Elvis Presley With The Jordanaires,1959,6,5,51.0,0,1959-06-01
(Such An) Easy Question,Elvis Presley With The Jordanaires,1965,6,2,58.5,0,1965-06-01
(Such An) Easy Question,Elvis Presley With The Jordanaires,1965,7,5,16.8,0,1965-07-01
(Such An) Easy Question,Elvis Presley With The Jordanaires,1965,8,1,35.0,0,1965-08-01
(Sweet Sweet Baby) Since You've Been Gone,Aretha Franklin,1968,3,5,14.0,0,1968-03-01
(Sweet Sweet Baby) Since You've Been Gone,Aretha Franklin,1968,4,4,5.0,0,1968-04-01
(Sweet Sweet Baby) Since You've Been Gone,Aretha Franklin,1968,5,3,27.333333333333332,0,1968-05-01
(You Make Me Feel Like) A Natural Woman,Aretha Franklin,1967,9,1,70.0,0,1967-09-01
(You Make Me Feel Like) A Natural Woman,Aretha Franklin,1967,10,4,19.5,0,1967-10-01
(You Make Me Feel Like) A Natural Woman,Aretha Franklin,1967,11,4,15.0,0,1967-11-01
(You're the) Devil In Disguise,Elvis Presley With The Jordanaires,1963,6,1,84.0,0,1963-06-01
(You're the) Devil In Disguise,Elvis Presley With The Jordanaires,1963,7,4,20.25,0,1963-07-01
(You're the) Devil In Disguise,Elvis Presley With The Jordanaires,1963,8,5,7.2,0,1963-08-01
(You're the) Devil In Disguise,Elvis Presley With The Jordanaires,1963,9,1,42.0,0,1963-09-01
...Ready For It?,Taylor Swift,2017,9,2,12.5,0,2017-09-01
...Ready For It?,Taylor Swift,2017,10,4,43.25,0,2017-10-01
...Ready For It?,Taylor Swift,2017,11,4,36.75,0,2017-11-01
...Ready For It?,Taylor Swift,2017,12,5,30.6,0,2017-12-01
...Ready For It?,Taylor Swift,2018,1,4,73.75,0,2018-01-01
22,Taylor Swift,2012,11,1,44.0,0,2012-11-01
22,Taylor Swift,2013,1,1,84.0,0,2013-01-01
22,Taylor Swift,2013,3,1,64.0,0,2013-03-01
22,Taylor Swift,2013,4,4,31.25,0,2013-04-01
22,Taylor Swift,2013,5,4,22.5,0,2013-05-01
22,Taylor Swift,2013,6,5,26.2,0,2013-06-01
22,Taylor Swift,2013,7,4,52.5,0,2013-07-01
4 Minutes,Madonna Featuring Justin Timberlake & Timbaland,2008,4,4,20.25,0,2008-04-01
4 Minutes,Madonna Featuring Justin Timberlake & Timbaland,2008,5,5,6.0,0,2008-05-01
4 Minutes,Madonna Featuring Justin Timberlake & Timbaland,2008,6,4,10.75,0,2008-06-01
4 Minutes,Madonna Featuring Justin Timberlake & Timbaland,2008,7,4,31.25,0,2008-07-01
4 Minutes,Madonna Featuring Justin Timberlake & Timbaland,2008,8,3,61.0,0,2008-08-01
9 To 5,Dolly Parton,1980,11,1,73.0,1,1980-11-01
9 To 5,Dolly Parton,1980,12,4,44.25,1,1980-12-01
9 To 5,Dolly Parton,1981,1,5,21.4,1,1981-01-01
9 To 5,Dolly Parton,1981,2,4,2.25,1,1981-02-01
9 To 5,Dolly Parton,1981,3,4,3.5,1,1981-03-01
9 To 5,Dolly Parton,1981,4,4,22.5,1,1981-04-01
9 To 5,Dolly Parton,1981,5,4,75.75,1,1981-05-01
A Big Hunk O' Love,Elvis Presley With The Jordanaires,1959,7,4,20.5,0,1959-07-01
A Big Hunk O' Love,Elvis Presley With The Jordanaires,1959,8,5,3.0,0,1959-08-01
A Big Hunk O' Love,Elvis Presley With The Jordanaires,1959,9,4,34.5,0,1959-09-01
A Big Hunk O' Love,Elvis Presley With The Jordanaires,1959,10,1,96.0,0,1959-10-01
"A Deeper Love (From ""Sister Act 2"")",Aretha Franklin,1994,2,3,74.33333333333333,0,1994-02-01
"A Deeper Love (From ""Sister Act 2"")",Aretha Franklin,1994,3,4,71.0,0,1994-03-01
"A Deeper Love (From ""Sister Act 2"")",Aretha Franklin,1994,4,2,95.5,0,1994-04-01
A Little Less Conversation,Elvis Presley With The Jordanaires,1968,10,3,73.66666666666667,0,1968-10-01
A Little Less Conversation,Elvis Presley With The Jordanaires,1968,11,1,77.0,0,1968-11-01
A Little Less Conversation,Elvis Presley vs JXL,2002,7,3,59.666666666666664,0,2002-07-01
A Little Less Conversation,Elvis Presley vs JXL,2002,8,5,56.8,0,2002-08-01
A Little Less Conversation,Elvis Presley vs JXL,2002,9,1,86.0,0,2002-09-01
A Mess Of Blues,Elvis Presley With The Jordanaires,1960,7,1,53.0,0,1960-07-01
A Mess Of Blues,Elvis Presley With The Jordanaires,1960,8,5,46.2,0,1960-08-01
A Mess Of Blues,Elvis Presley With The Jordanaires,1960,9,4,57.5,0,1960-09-01
A Mess Of Blues,Elvis Presley With The Jordanaires,1960,10,1,73.0,0,1960-10-01
A Rose Is Still A Rose,Aretha Franklin,1998,3,3,37.0,0,1998-03-01
A Rose Is Still A Rose,Aretha Franklin,1998,4,4,29.75,0,1998-04-01
A Rose Is Still A Rose,Aretha Franklin,1998,5,5,37.8,0,1998-05-01
A Rose Is Still A Rose,Aretha Franklin,1998,6,4,65.0,0,1998-06-01
A Rose Is Still A Rose,Aretha Franklin,1998,7,2,93.0,0,1998-07-01
Afterglow,Taylor Swift,2019,9,1,75.0,0,2019-09-01
Ain't No Way,Aretha Franklin,1968,4,4,35.25,0,1968-04-01
Ain't No Way,Aretha Franklin,1968,5,4,22.5,0,1968-05-01
Ain't Nothing Like The Real Thing,Aretha Franklin,1974,8,1,89.0,0,1974-08-01
Ain't Nothing Like The Real Thing,Aretha Franklin,1974,9,4,60.25,0,1974-09-01
Ain't Nothing Like The Real Thing,Aretha Franklin,1974,10,2,58.5,0,1974-10-01
Ain't That Loving You Baby,Elvis Presley,1964,10,4,44.5,0,1964-10-01
Ain't That Loving You Baby,Elvis Presley,1964,11,4,19.0,0,1964-11-01
Ain't That Loving You Baby,Elvis Presley,1964,12,2,32.5,0,1964-12-01
All That I Am,Elvis Presley With The Jordanaires,1966,10,4,59.5,0,1966-10-01
All That I Am,Elvis Presley With The Jordanaires,1966,11,4,46.25,0,1966-11-01
All The Kings Horses,Aretha Franklin,1972,6,4,49.0,0,1972-06-01
All The Kings Horses,Aretha Franklin,1972,7,4,28.25,0,1972-07-01
All Too Well,Taylor Swift,2012,11,1,80.0,0,2012-11-01
Almost In Love,Elvis Presley With The Jordanaires,1968,9,1,99.0,0,1968-09-01
Almost In Love,Elvis Presley With The Jordanaires,1968,10,1,95.0,0,1968-10-01
American Life,Madonna,2003,4,4,67.0,0,2003-04-01
American Life,Madonna,2003,5,4,70.0,0,2003-05-01
American Pie,Madonna,2000,2,2,39.0,0,2000-02-01
American Pie,Madonna,2000,3,4,30.75,0,2000-03-01
American Pie,Madonna,2000,4,3,62.0,0,2000-04-01
An American Trilogy,Elvis Presley,1972,5,4,77.5,0,1972-05-01
An American Trilogy,Elvis Presley,1972,6,2,70.5,0,1972-06-01
Angel,Aretha Franklin,1973,7,4,50.0,0,1973-07-01
Angel,Aretha Franklin,1973,8,4,23.0,0,1973-08-01
Angel,Aretha Franklin,1973,9,5,34.0,0,1973-09-01
Angel,Madonna,1985,4,1,48.0,0,1985-04-01
Angel,Madonna,1985,5,4,29.25,0,1985-05-01
Angel,Madonna,1985,6,5,9.0,0,1985-06-01
Angel,Madonna,1985,7,4,22.75,0,1985-07-01
Angel,Madonna,1985,8,3,78.0,0,1985-08-01
Another Night,Aretha Franklin,1986,1,2,66.5,0,1986-01-01
Another Night,Aretha Franklin,1986,2,4,42.5,0,1986-02-01
Another Night,Aretha Franklin,1986,3,5,27.8,0,1986-03-01
Another Night,Aretha Franklin,1986,4,3,60.666666666666664,0,1986-04-01
Anything That's Part Of You,Elvis Presley With The Jordanaires,1962,3,3,58.666666666666664,0,1962-03-01
Anything That's Part Of You,Elvis Presley With The Jordanaires,1962,4,4,33.75,0,1962-04-01
Anything That's Part Of You,Elvis Presley With The Jordanaires,1962,5,1,40.0,0,1962-05-01
Are You Lonesome To-night?,Elvis Presley With The Jordanaires,1960,11,3,12.666666666666666,0,1960-11-01
Are You Lonesome To-night?,Elvis Presley With The Jordanaires,1960,12,4,1.0,0,1960-12-01
Are You Lonesome To-night?,Elvis Presley With The Jordanaires,1961,1,5,4.2,0,1961-01-01
Are You Lonesome To-night?,Elvis Presley With The Jordanaires,1961,2,4,38.0,0,1961-02-01
Ask Me,Elvis Presley With The Jordanaires,1964,10,4,61.25,0,1964-10-01
Ask Me,Elvis Presley With The Jordanaires,1964,11,4,18.5,0,1964-11-01
Ask Me,Elvis Presley With The Jordanaires,1964,12,4,26.0,0,1964-12-01
August,Taylor Swift,2020,8,2,48.0,0,2020-08-01
B**** I'm Madonna,Madonna Featuring Nicki Minaj,2015,7,2,89.5,0,2015-07-01
Babe,Sugarland Featuring Taylor Swift,2018,5,1,72.0,0,2018-05-01
Babe,Sugarland Featuring Taylor Swift,2018,6,1,95.0,0,2018-06-01
Baby I Love You,Aretha Franklin,1967,7,2,56.0,0,1967-07-01
Baby I Love You,Aretha Franklin,1967,8,4,10.75,0,1967-08-01
Baby I Love You,Aretha Franklin,1967,9,5,14.6,0,1967-09-01
Baby I'm Burnin',Dolly Parton,1978,12,4,69.0,1,1978-12-01
Baby I'm Burnin',Dolly Parton,1979,1,4,38.25,1,1979-01-01
Baby I'm Burnin',Dolly Parton,1979,2,4,26.5,1,1979-02-01
Baby I'm Burnin',Dolly Parton,1979,3,2,64.5,1,1979-03-01
Back To December,Taylor Swift,2010,10,1,6.0,0,2010-10-01
Back To December,Taylor Swift,2010,11,2,52.0,0,2010-11-01
Back To December,Taylor Swift,2010,12,4,47.75,0,2010-12-01
Back To December,Taylor Swift,2011,1,5,25.8,0,2011-01-01
Back To December,Taylor Swift,2011,2,4,21.0,0,2011-02-01
Back To December,Taylor Swift,2011,3,4,30.5,0,2011-03-01
Bad Blood,Taylor Swift Featuring Kendrick Lamar,2014,11,1,80.0,0,2014-11-01
Bad Blood,Taylor Swift Featuring Kendrick Lamar,2015,1,1,78.0,0,2015-01-01
Bad Blood,Taylor Swift Featuring Kendrick Lamar,2015,5,1,53.0,0,2015-05-01
Bad Blood,Taylor Swift Featuring Kendrick Lamar,2015,6,4,1.75,0,2015-06-01
Bad Blood,Taylor Swift Featuring Kendrick Lamar,2015,7,4,3.0,0,2015-07-01
Bad Blood,Taylor Swift Featuring Kendrick Lamar,2015,8,5,5.4,0,2015-08-01
Bad Blood,Taylor Swift Featuring Kendrick Lamar,2015,9,4,19.0,0,2015-09-01
Bad Blood,Taylor Swift Featuring Kendrick Lamar,2015,10,5,40.8,0,2015-10-01
Bad Girl,Madonna,1993,2,2,67.5,0,1993-02-01
Bad Girl,Madonna,1993,3,4,41.75,0,1993-03-01
Bad Girl,Madonna,1993,4,4,63.0,0,1993-04-01
Bad Girl,Madonna,1993,5,1,97.0,0,1993-05-01
Beautiful Stranger,Madonna,1999,6,3,57.0,0,1999-06-01
Beautiful Stranger,Madonna,1999,7,5,23.2,0,1999-07-01
Beautiful Stranger,Madonna,1999,8,4,29.5,0,1999-08-01
Beautiful Stranger,Madonna,1999,9,4,71.0,0,1999-09-01
Beautiful Stranger,Madonna,1999,10,3,92.66666666666667,0,1999-10-01
Bedtime Story,Madonna,1995,4,2,58.0,0,1995-04-01
Bedtime Story,Madonna,1995,5,4,69.0,0,1995-05-01
Bedtime Story,Madonna,1995,6,1,99.0,0,1995-06-01
Begin Again,Taylor Swift,2012,10,3,43.0,0,2012-10-01
Begin Again,Taylor Swift,2012,11,3,72.33333333333333,0,2012-11-01
Begin Again,Taylor Swift,2012,12,5,76.2,0,2012-12-01
Begin Again,Taylor Swift,2013,1,4,71.25,0,2013-01-01
Begin Again,Taylor Swift,2013,2,4,74.25,0,2013-02-01
Begin Again,Taylor Swift,2013,3,1,65.0,0,2013-03-01
Better Than Revenge,Taylor Swift,2010,11,1,56.0,0,2010-11-01
Betty,Taylor Swift,2020,8,2,66.5,0,2020-08-01
Big Boss Man,Elvis Presley,1967,10,3,58.0,0,1967-10-01
Big Boss Man,Elvis Presley,1967,11,3,41.333333333333336,0,1967-11-01
"Bill Bailey, Won't You Please Come Home",Ella Fitzgerald,1963,4,3,79.0,0,1963-04-01
Blank Space,Taylor Swift,2014,11,3,10.666666666666666,0,2014-11-01
Blank Space,Taylor Swift,2014,12,4,1.0,0,2014-12-01
Blank Space,Taylor Swift,2015,1,5,1.8,0,2015-01-01
Blank Space,Taylor Swift,2015,2,4,5.0,0,2015-02-01
Blank Space,Taylor Swift,2015,3,4,9.25,0,2015-03-01
Blank Space,Taylor Swift,2015,4,4,15.0,0,2015-04-01
Blank Space,Taylor Swift,2015,5,5,25.4,0,2015-05-01
Blank Space,Taylor Swift,2015,6,4,36.5,0,2015-06-01
Blank Space,Taylor Swift,2015,7,3,45.666666666666664,0,2015-07-01
Blue Christmas,Elvis Presley,2019,1,1,40.0,0,2019-01-01
Blue Christmas,Elvis Presley,2020,1,1,40.0,0,2020-01-01
Blue Christmas,Elvis Presley,2021,1,1,33.0,0,2021-01-01
Blue River,Elvis Presley,1966,1,1,95.0,0,1966-01-01
Border Song (Holy Moses)/You And Me,Aretha Franklin,1970,11,2,64.0,0,1970-11-01
Border Song (Holy Moses)/You And Me,Aretha Franklin,1970,12,4,40.75,0,1970-12-01
Border Song (Holy Moses)/You And Me,Aretha Franklin,1971,1,1,44.0,0,1971-01-01
Borderline,Madonna,1984,3,4,60.5,0,1984-03-01
Borderline,Madonna,1984,4,4,39.5,0,1984-04-01
Borderline,Madonna,1984,5,4,23.5,0,1984-05-01
Borderline,Madonna,1984,6,5,11.2,0,1984-06-01
Borderline,Madonna,1984,7,4,29.0,0,1984-07-01
Borderline,Madonna,1984,8,4,66.5,0,1984-08-01
Borderline,Madonna,1984,9,5,91.4,0,1984-09-01
Bossa Nova Baby,Elvis Presley With The Jordanaires,1963,10,2,59.0,0,1963-10-01
Bossa Nova Baby,Elvis Presley With The Jordanaires,1963,11,5,12.0,0,1963-11-01
Bossa Nova Baby,Elvis Presley With The Jordanaires,1963,12,3,40.666666666666664,0,1963-12-01
Both Of Us,B.o.B Featuring Taylor Swift,2012,5,2,46.5,0,2012-05-01
Both Of Us,B.o.B Featuring Taylor Swift,2012,6,5,74.6,0,2012-06-01
Both Of Us,B.o.B Featuring Taylor Swift,2012,7,4,49.25,0,2012-07-01
Both Of Us,B.o.B Featuring Taylor Swift,2012,8,4,65.0,0,2012-08-01
Both Of Us,B.o.B Featuring Taylor Swift,2012,9,4,79.5,0,2012-09-01
Break It To Me Gently,Aretha Franklin,1977,6,2,86.5,0,1977-06-01
Breathe,Taylor Swift Featuring Colbie Caillat,2008,11,1,87.0,0,2008-11-01
Breathless,Taylor Swift,2010,2,1,72.0,0,2010-02-01
Bridge Over Troubled Water/Brand New Me,Aretha Franklin,1971,4,2,40.5,0,1971-04-01
Bridge Over Troubled Water/Brand New Me,Aretha Franklin,1971,5,5,8.2,0,1971-05-01
Bridge Over Troubled Water/Brand New Me,Aretha Franklin,1971,6,4,12.0,0,1971-06-01
Bridge Over Troubled Water/Brand New Me,Aretha Franklin,1971,7,1,33.0,0,1971-07-01
Bringing It Back,Elvis Presley,1975,10,1,88.0,0,1975-10-01
Bringing It Back,Elvis Presley,1975,11,4,69.5,0,1975-11-01
Burning Love,Elvis Presley,1972,8,2,79.0,0,1972-08-01
Burning Love,Elvis Presley,1972,9,5,29.4,0,1972-09-01
Burning Love,Elvis Presley,1972,10,4,4.0,0,1972-10-01
Burning Love,Elvis Presley,1972,11,4,15.0,0,1972-11-01
But You Know I Love You,Dolly Parton,1981,4,4,67.5,1,1981-04-01
But You Know I Love You,Dolly Parton,1981,5,5,56.8,1,1981-05-01
But You Know I Love You,Dolly Parton,1981,6,1,100.0,1,1981-06-01
Call It What You Want,Taylor Swift,2017,11,1,27.0,0,2017-11-01
Call It What You Want,Taylor Swift,2017,12,1,73.0,0,2017-12-01
Call Me/Son Of A Preacher Man,Aretha Franklin,1970,2,4,57.0,0,1970-02-01
Call Me/Son Of A Preacher Man,Aretha Franklin,1970,3,4,20.25,0,1970-03-01
Call Me/Son Of A Preacher Man,Aretha Franklin,1970,4,4,22.25,0,1970-04-01
Can't Help Falling In Love,Elvis Presley With The Jordanaires,1961,12,4,31.5,0,1961-12-01
Can't Help Falling In Love,Elvis Presley With The Jordanaires,1962,1,4,4.25,0,1962-01-01
Can't Help Falling In Love,Elvis Presley With The Jordanaires,1962,2,4,6.5,0,1962-02-01
Can't Help Falling In Love,Elvis Presley With The Jordanaires,1962,3,2,34.5,0,1962-03-01
Can't You Just See Me,Aretha Franklin,1965,1,1,99.0,0,1965-01-01
Can't You Just See Me,Aretha Franklin,1965,2,1,96.0,0,1965-02-01
Cardigan,Taylor Swift,2020,8,4,16.5,0,2020-08-01
Cardigan,Taylor Swift,2020,9,4,46.25,0,2020-09-01
Cardigan,Taylor Swift,2020,10,5,70.4,0,2020-10-01
Cardigan,Taylor Swift,2020,11,1,96.0,0,2020-11-01
Causing A Commotion,Madonna,1987,9,3,32.333333333333336,0,1987-09-01
Causing A Commotion,Madonna,1987,10,5,6.8,0,1987-10-01
Causing A Commotion,Madonna,1987,11,4,15.5,0,1987-11-01
Causing A Commotion,Madonna,1987,12,4,68.75,0,1987-12-01
Causing A Commotion,Madonna,1988,1,2,97.5,0,1988-01-01
Celebration,Madonna,2009,8,1,71.0,0,2009-08-01
Chain Of Fools,Aretha Franklin,1967,12,4,29.75,0,1967-12-01
Chain Of Fools,Aretha Franklin,1968,1,4,4.25,0,1968-01-01
Chain Of Fools,Aretha Franklin,1968,2,4,13.0,0,1968-02-01
Champagne Problems,Taylor Swift,2020,12,1,21.0,0,2020-12-01
Champagne Problems,Taylor Swift,2021,1,1,77.0,0,2021-01-01
Change,Taylor Swift,2008,8,1,10.0,0,2008-08-01
Change,Taylor Swift,2008,9,2,69.5,0,2008-09-01
Cherish,Madonna,1989,8,2,32.5,0,1989-08-01
Cherish,Madonna,1989,9,5,10.6,0,1989-09-01
Cherish,Madonna,1989,10,4,9.75,0,1989-10-01
Cherish,Madonna,1989,11,4,66.5,0,1989-11-01
Christmas Tree Farm,Taylor Swift,2019,12,1,59.0,0,2019-12-01
Clean Up Your Own Back Yard,Elvis Presley,1969,7,4,64.0,0,1969-07-01
Clean Up Your Own Back Yard,Elvis Presley,1969,8,4,36.25,0,1969-08-01
Closure,Taylor Swift,2020,12,1,82.0,0,2020-12-01
Come In With The Rain,Taylor Swift,2009,11,1,30.0,0,2009-11-01
Come To Me,Aretha Franklin,1981,5,1,86.0,0,1981-05-01
Come To Me,Aretha Franklin,1981,6,2,89.0,0,1981-06-01
Coney Island,Taylor Swift Featuring The National,2020,12,1,63.0,0,2020-12-01
Cornelia Street,Taylor Swift,2019,9,1,57.0,0,2019-09-01
Cowboy Like Me,Taylor Swift,2020,12,1,71.0,0,2020-12-01
Crazier,Taylor Swift,2009,4,3,59.666666666666664,0,2009-04-01
Crazier,Taylor Swift,2009,5,5,54.4,0,2009-05-01
Crazy For You,Madonna,1985,3,5,31.6,0,1985-03-01
Crazy For You,Madonna,1985,4,4,2.75,0,1985-04-01
Crazy For You,Madonna,1985,5,4,2.75,0,1985-05-01
Crazy For You,Madonna,1985,6,5,34.2,0,1985-06-01
Crazy For You,Madonna,1985,7,3,83.66666666666667,0,1985-07-01
Cruel Summer,Taylor Swift,2019,9,2,50.0,0,2019-09-01
Crying In The Chapel,Elvis Presley With The Jordanaires,1965,4,1,79.0,0,1965-04-01
Crying In The Chapel,Elvis Presley With The Jordanaires,1965,5,5,25.2,0,1965-05-01
Crying In The Chapel,Elvis Presley With The Jordanaires,1965,6,4,4.25,0,1965-06-01
Crying In The Chapel,Elvis Presley With The Jordanaires,1965,7,4,21.0,0,1965-07-01
Day Dreaming,Aretha Franklin,1972,3,2,45.0,0,1972-03-01
Day Dreaming,Aretha Franklin,1972,4,5,10.6,0,1972-04-01
Day Dreaming,Aretha Franklin,1972,5,4,9.75,0,1972-05-01
Day Dreaming,Aretha Franklin,1972,6,1,35.0,0,1972-06-01
Daylight,Taylor Swift,2019,9,1,89.0,0,2019-09-01
Dear John,Taylor Swift,2010,11,1,54.0,0,2010-11-01
Death By A Thousand Cuts,Taylor Swift,2019,9,1,67.0,0,2019-09-01
Deeper And Deeper,Madonna,1992,12,4,22.75,0,1992-12-01
Deeper And Deeper,Madonna,1993,1,5,9.4,0,1993-01-01
Deeper And Deeper,Madonna,1993,2,4,20.25,0,1993-02-01
Deeper And Deeper,Madonna,1993,3,4,72.25,0,1993-03-01
Delicate,Taylor Swift,2018,3,2,75.0,0,2018-03-01
Delicate,Taylor Swift,2018,4,4,50.75,0,2018-04-01
Delicate,Taylor Swift,2018,5,4,47.5,0,2018-05-01
Delicate,Taylor Swift,2018,6,5,30.2,0,2018-06-01
Delicate,Taylor Swift,2018,7,4,17.5,0,2018-07-01
Delicate,Taylor Swift,2018,8,4,14.5,0,2018-08-01
Delicate,Taylor Swift,2018,9,5,25.0,0,2018-09-01
Delicate,Taylor Swift,2018,10,4,33.25,0,2018-10-01
Delicate,Taylor Swift,2018,11,3,43.333333333333336,0,2018-11-01
Die Another Day,Madonna,2002,10,2,34.5,0,2002-10-01
Die Another Day,Madonna,2002,11,5,10.8,0,2002-11-01
Die Another Day,Madonna,2002,12,4,21.5,0,2002-12-01
Die Another Day,Madonna,2003,1,4,66.25,0,2003-01-01
Die Another Day,Madonna,2003,2,2,95.5,0,2003-02-01
Do The Clam,"Elvis Presley With The Jordanaires, Jubilee Four & Carol Lombard Trio",1965,2,1,68.0,0,1965-02-01
Do The Clam,"Elvis Presley With The Jordanaires, Jubilee Four & Carol Lombard Trio",1965,3,4,34.75,0,1965-03-01
Do The Clam,"Elvis Presley With The Jordanaires, Jubilee Four & Carol Lombard Trio",1965,4,3,25.333333333333332,0,1965-04-01
Don't Ask Me Why,Elvis Presley With The Jordanaires,1958,8,4,49.25,0,1958-08-01
Don't Ask Me Why,Elvis Presley With The Jordanaires,1958,9,1,70.0,0,1958-09-01
Don't Cry Daddy/Rubberneckin',Elvis Presley,1969,11,1,73.0,0,1969-11-01
Don't Cry Daddy/Rubberneckin',Elvis Presley,1969,12,4,31.25,0,1969-12-01
Don't Cry Daddy/Rubberneckin',Elvis Presley,1970,1,5,9.2,0,1970-01-01
Don't Cry Daddy/Rubberneckin',Elvis Presley,1970,2,3,18.666666666666668,0,1970-02-01
"Don't Cry For Me Argentina (From ""Evita"")",Madonna,1997,2,1,17.0,0,1997-02-01
"Don't Cry For Me Argentina (From ""Evita"")",Madonna,1997,3,5,13.2,0,1997-03-01
"Don't Cry For Me Argentina (From ""Evita"")",Madonna,1997,4,4,48.25,0,1997-04-01
"Don't Cry For Me Argentina (From ""Evita"")",Madonna,1997,5,5,86.2,0,1997-05-01
"Don't Cry For Me Argentina (From ""Evita"")",Madonna,1997,6,1,98.0,0,1997-06-01
"Don't Cry, Baby",Aretha Franklin,1962,7,1,92.0,0,1962-07-01
Don't Play That Song,Aretha Franklin with The Dixie Flyers,1970,8,4,37.75,0,1970-08-01
Don't Play That Song,Aretha Franklin with The Dixie Flyers,1970,9,4,11.5,0,1970-09-01
Don't Play That Song,Aretha Franklin with The Dixie Flyers,1970,10,2,20.5,0,1970-10-01
Don't Tell Me,Madonna,2000,12,4,49.25,0,2000-12-01
Don't Tell Me,Madonna,2001,1,4,20.75,0,2001-01-01
Don't Tell Me,Madonna,2001,2,4,5.0,0,2001-02-01
Don't Tell Me,Madonna,2001,3,5,8.6,0,2001-03-01
Don't Tell Me,Madonna,2001,4,4,31.0,0,2001-04-01
Dorothea,Taylor Swift,2020,12,1,67.0,0,2020-12-01
Downtown,Dolly Parton,1984,4,3,83.33333333333333,1,1984-04-01
Downtown,Dolly Parton,1984,5,1,95.0,1,1984-05-01
Dress You Up,Madonna,1985,8,3,30.0,0,1985-08-01
Dress You Up,Madonna,1985,9,4,11.75,0,1985-09-01
Dress You Up,Madonna,1985,10,4,14.25,0,1985-10-01
Dress You Up,Madonna,1985,11,5,69.8,0,1985-11-01
Eleanor Rigby,Aretha Franklin,1969,11,4,48.25,0,1969-11-01
Eleanor Rigby,Aretha Franklin,1969,12,4,24.25,0,1969-12-01
Enchanted,Taylor Swift,2010,11,1,75.0,0,2010-11-01
End Game,Taylor Swift Featuring Ed Sheeran & Future,2017,12,4,64.25,0,2017-12-01
End Game,Taylor Swift Featuring Ed Sheeran & Future,2018,1,4,33.25,0,2018-01-01
End Game,Taylor Swift Featuring Ed Sheeran & Future,2018,2,4,45.75,0,2018-02-01
End Game,Taylor Swift Featuring Ed Sheeran & Future,2018,3,1,91.0,0,2018-03-01
Epiphany,Taylor Swift,2020,8,1,57.0,0,2020-08-01
Erotica,Madonna,1992,10,3,7.0,0,1992-10-01
Erotica,Madonna,1992,11,4,11.25,0,1992-11-01
Erotica,Madonna,1992,12,4,42.5,0,1992-12-01
Erotica,Madonna,1993,1,5,67.2,0,1993-01-01
Erotica,Madonna,1993,2,2,91.0,0,1993-02-01
Evermore,Taylor Swift Featuring Bon Iver,2020,12,1,57.0,0,2020-12-01
Everyday I Write The Book,Elvis Costello And The Attractions,1983,8,2,76.5,0,1983-08-01
Everyday I Write The Book,Elvis Costello And The Attractions,1983,9,4,52.0,0,1983-09-01
Everyday I Write The Book,Elvis Costello And The Attractions,1983,10,5,40.8,0,1983-10-01
Everyday I Write The Book,Elvis Costello And The Attractions,1983,11,3,80.0,0,1983-11-01
Everything Has Changed,Taylor Swift Featuring Ed Sheeran,2012,11,1,67.0,0,2012-11-01
Everything Has Changed,Taylor Swift Featuring Ed Sheeran,2013,6,2,85.0,0,2013-06-01
Everything Has Changed,Taylor Swift Featuring Ed Sheeran,2013,8,4,54.75,0,2013-08-01
Everything Has Changed,Taylor Swift Featuring Ed Sheeran,2013,9,4,46.25,0,2013-09-01
Everything Has Changed,Taylor Swift Featuring Ed Sheeran,2013,10,4,40.75,0,2013-10-01
Everything Has Changed,Taylor Swift Featuring Ed Sheeran,2013,11,5,46.8,0,2013-11-01
Exile,Taylor Swift Featuring Bon Iver,2020,8,4,46.25,0,2020-08-01
Exile,Taylor Swift Featuring Bon Iver,2020,9,1,98.0,0,2020-09-01
Express Yourself,Madonna,1989,6,4,27.5,0,1989-06-01
Express Yourself,Madonna,1989,7,5,3.4,0,1989-07-01
Express Yourself,Madonna,1989,8,4,31.5,0,1989-08-01
Express Yourself,Madonna,1989,9,3,84.33333333333333,0,1989-09-01
Eyes Open,Taylor Swift,2012,4,4,24.25,0,2012-04-01
Eyes Open,Taylor Swift,2012,5,4,25.0,0,2012-05-01
Eyes Open,Taylor Swift,2012,6,5,72.0,0,2012-06-01
False God,Taylor Swift,2019,9,1,77.0,0,2019-09-01
Fame And Fortune,Elvis Presley With The Jordanaires,1960,4,3,45.0,0,1960-04-01
Fame And Fortune,Elvis Presley With The Jordanaires,1960,5,5,20.0,0,1960-05-01
Fame And Fortune,Elvis Presley With The Jordanaires,1960,6,2,46.0,0,1960-06-01
Fearless,Taylor Swift,2008,11,4,56.0,0,2008-11-01
Fearless,Taylor Swift,2009,5,1,95.0,0,2009-05-01
Fearless,Taylor Swift,2010,2,2,98.0,0,2010-02-01
Fearless,Taylor Swift,2010,3,3,86.0,0,2010-03-01
Fearless,Taylor Swift,2010,4,4,76.75,0,2010-04-01
Fearless,Taylor Swift,2010,5,1,84.0,0,2010-05-01
Fearless (Taylor's Version),Taylor Swift,2021,4,1,71.0,0,2021-04-01
Fifteen,Taylor Swift,2008,11,1,79.0,0,2008-11-01
Fifteen,Taylor Swift,2009,2,1,65.0,0,2009-02-01
Fifteen,Taylor Swift,2009,10,5,81.6,0,2009-10-01
Fifteen,Taylor Swift,2009,11,4,43.0,0,2009-11-01
Fifteen,Taylor Swift,2009,12,4,25.75,0,2009-12-01
Fifteen,Taylor Swift,2010,1,5,31.2,0,2010-01-01
Fifteen,Taylor Swift,2010,2,1,40.0,0,2010-02-01
Fifteen (Taylor's Version),Taylor Swift,2021,4,1,88.0,0,2021-04-01
Flaming Star,Elvis Presley With The Jordanaires,1961,4,2,59.5,0,1961-04-01
Flaming Star,Elvis Presley With The Jordanaires,1961,5,5,24.6,0,1961-05-01
Follow That Dream,Elvis Presley,1962,5,3,42.0,0,1962-05-01
Follow That Dream,Elvis Presley,1962,6,5,20.4,0,1962-06-01
Follow That Dream,Elvis Presley,1962,7,2,60.0,0,1962-07-01
Forever & Always,Taylor Swift,2008,11,1,49.0,0,2008-11-01
Forever & Always,Taylor Swift,2009,11,2,67.0,0,2009-11-01
Forever & Always (Taylor's Version),Taylor Swift,2021,4,1,65.0,0,2021-04-01
Frankie And Johnny,Elvis Presley,1966,3,2,67.0,0,1966-03-01
Frankie And Johnny,Elvis Presley,1966,4,5,34.0,0,1966-04-01
Frankie And Johnny,Elvis Presley,1966,5,1,28.0,0,1966-05-01
Freeway Of Love,Aretha Franklin,1985,6,2,48.5,0,1985-06-01
Freeway Of Love,Aretha Franklin,1985,7,4,26.75,0,1985-07-01
Freeway Of Love,Aretha Franklin,1985,8,5,6.6,0,1985-08-01
Freeway Of Love,Aretha Franklin,1985,9,4,12.5,0,1985-09-01
Freeway Of Love,Aretha Franklin,1985,10,4,67.75,0,1985-10-01
Frozen,Madonna,1998,3,2,6.5,0,1998-03-01
Frozen,Madonna,1998,4,4,3.25,0,1998-04-01
Frozen,Madonna,1998,5,5,10.8,0,1998-05-01
Frozen,Madonna,1998,6,4,24.0,0,1998-06-01
Frozen,Madonna,1998,7,4,50.0,0,1998-07-01
Frozen,Madonna,1998,8,1,56.0,0,1998-08-01
Gentle On My Mind,Aretha Franklin,1969,5,3,76.33333333333333,0,1969-05-01
Get It Right,Aretha Franklin,1983,7,1,89.0,0,1983-07-01
Get It Right,Aretha Franklin,1983,8,4,67.5,0,1983-08-01
Get It Right,Aretha Franklin,1983,9,3,78.66666666666667,0,1983-09-01
Give It 2 Me,Madonna,2008,5,1,57.0,0,2008-05-01
Give Me All Your Luvin',Madonna Featuring Nicki Minaj & M.I.A.,2012,2,2,11.5,0,2012-02-01
Give Me All Your Luvin',Madonna Featuring Nicki Minaj & M.I.A.,2012,3,3,61.0,0,2012-03-01
Give Me All Your Luvin',Madonna Featuring Nicki Minaj & M.I.A.,2012,4,1,87.0,0,2012-04-01
Gold Rush,Taylor Swift,2020,12,1,40.0,0,2020-12-01
Good Luck Charm,Elvis Presley With The Jordanaires,1962,3,3,24.666666666666668,0,1962-03-01
Good Luck Charm,Elvis Presley With The Jordanaires,1962,4,4,1.75,0,1962-04-01
Good Luck Charm,Elvis Presley With The Jordanaires,1962,5,4,9.5,0,1962-05-01
Good Luck Charm,Elvis Presley With The Jordanaires,1962,6,2,34.5,0,1962-06-01
Gorgeous,Taylor Swift,2017,11,3,55.666666666666664,0,2017-11-01
Gorgeous,Taylor Swift,2017,12,1,89.0,0,2017-12-01
Guitar Man,Elvis Presley,1968,1,1,83.0,0,1968-01-01
Guitar Man,Elvis Presley,1968,2,4,51.0,0,1968-02-01
Guitar Man,Elvis Presley,1968,3,1,43.0,0,1968-03-01
Guitar Man,Elvis Presley,1981,1,2,71.0,0,1981-01-01
Guitar Man,Elvis Presley,1981,2,4,45.25,0,1981-02-01
Guitar Man,Elvis Presley,1981,3,4,29.5,0,1981-03-01
Guitar Man,Elvis Presley,1981,4,4,77.75,0,1981-04-01
Hanky Panky,Madonna,1990,6,1,40.0,0,1990-06-01
Hanky Panky,Madonna,1990,7,4,21.5,0,1990-07-01
Hanky Panky,Madonna,1990,8,4,37.0,0,1990-08-01
Hanky Panky,Madonna,1990,9,2,90.5,0,1990-09-01
Happiness,Taylor Swift,2020,12,1,52.0,0,2020-12-01
Hard Headed Woman,Elvis Presley With The Jordanaires,1958,8,4,11.25,0,1958-08-01
Hard Headed Woman,Elvis Presley With The Jordanaires,1958,9,4,63.5,0,1958-09-01
Haunted,Taylor Swift,2010,11,1,63.0,0,2010-11-01
Haunted,Taylor Swift,2011,11,1,98.0,0,2011-11-01
Heartbreaker,Dolly Parton,1978,8,1,82.0,1,1978-08-01
Heartbreaker,Dolly Parton,1978,9,5,50.4,1,1978-09-01
Heartbreaker,Dolly Parton,1978,10,4,57.0,1,1978-10-01
Here We Go Again,Aretha Franklin,1998,7,2,94.0,0,1998-07-01
Here We Go Again,Aretha Franklin,1998,8,5,80.2,0,1998-08-01
Here We Go Again,Aretha Franklin,1998,9,4,92.75,0,1998-09-01
Here You Come Again,Dolly Parton,1977,10,3,70.66666666666667,1,1977-10-01
Here You Come Again,Dolly Parton,1977,11,4,35.0,1,1977-11-01
Here You Come Again,Dolly Parton,1977,12,5,10.6,1,1977-12-01
Here You Come Again,Dolly Parton,1978,1,4,6.0,1,1978-01-01
Here You Come Again,Dolly Parton,1978,2,3,58.333333333333336,1,1978-02-01
Hey Stephen,Taylor Swift,2008,11,1,94.0,0,2008-11-01
Highway Don't Care,Tim McGraw With Taylor Swift,2013,2,1,59.0,0,2013-02-01
Highway Don't Care,Tim McGraw With Taylor Swift,2013,3,2,82.5,0,2013-03-01
Highway Don't Care,Tim McGraw With Taylor Swift,2013,4,4,47.0,0,2013-04-01
Highway Don't Care,Tim McGraw With Taylor Swift,2013,5,4,32.5,0,2013-05-01
Highway Don't Care,Tim McGraw With Taylor Swift,2013,6,5,24.4,0,2013-06-01
Highway Don't Care,Tim McGraw With Taylor Swift,2013,7,4,45.25,0,2013-07-01
Hoax,Taylor Swift,2020,8,1,71.0,0,2020-08-01
Holiday,Madonna,1983,10,1,88.0,0,1983-10-01
Holiday,Madonna,1983,11,4,64.75,0,1983-11-01
Holiday,Madonna,1983,12,5,35.8,0,1983-12-01
Holiday,Madonna,1984,1,4,21.25,0,1984-01-01
Holiday,Madonna,1984,2,4,31.75,0,1984-02-01
Holiday,Madonna,1984,3,3,81.33333333333333,0,1984-03-01
How High The Moon (Part 1),Ella Fitzgerald,1960,8,3,95.66666666666667,0,1960-08-01
How High The Moon (Part 1),Ella Fitzgerald,1960,9,2,81.0,0,1960-09-01
Human Nature,Madonna,1995,6,1,57.0,0,1995-06-01
Human Nature,Madonna,1995,7,5,48.0,0,1995-07-01
Human Nature,Madonna,1995,8,4,51.0,0,1995-08-01
Human Nature,Madonna,1995,9,5,81.2,0,1995-09-01
Hung Up,Madonna,2005,11,4,20.5,0,2005-11-01
Hung Up,Madonna,2005,12,5,13.6,0,2005-12-01
Hung Up,Madonna,2006,1,4,29.75,0,2006-01-01
Hung Up,Madonna,2006,2,4,54.0,0,2006-02-01
Hung Up,Madonna,2006,3,3,58.666666666666664,0,2006-03-01
Hurt/for The Heart,Elvis Presley,1976,3,1,85.0,0,1976-03-01
Hurt/for The Heart,Elvis Presley,1976,4,4,58.5,0,1976-04-01
Hurt/for The Heart,Elvis Presley,1976,5,5,32.0,0,1976-05-01
Hurt/for The Heart,Elvis Presley,1976,6,1,54.0,0,1976-06-01
I Almost Do,Taylor Swift,2012,11,1,65.0,0,2012-11-01
I Can't See Myself Leaving You,Aretha Franklin,1969,4,2,54.0,0,1969-04-01
I Can't See Myself Leaving You,Aretha Franklin,1969,5,5,29.8,0,1969-05-01
I Can't See Myself Leaving You,Aretha Franklin,1969,6,1,56.0,0,1969-06-01
I Don't Wanna Live Forever (Fifty Shades Darker),Zayn / Taylor Swift,2016,12,1,6.0,0,2016-12-01
I Don't Wanna Live Forever (Fifty Shades Darker),Zayn / Taylor Swift,2017,1,4,16.5,0,2017-01-01
I Don't Wanna Live Forever (Fifty Shades Darker),Zayn / Taylor Swift,2017,2,4,4.75,0,2017-02-01
I Don't Wanna Live Forever (Fifty Shades Darker),Zayn / Taylor Swift,2017,3,4,3.0,0,2017-03-01
I Don't Wanna Live Forever (Fifty Shades Darker),Zayn / Taylor Swift,2017,4,5,11.0,0,2017-04-01
I Don't Wanna Live Forever (Fifty Shades Darker),Zayn / Taylor Swift,2017,5,4,37.75,0,2017-05-01
I Don't Wanna Live Forever (Fifty Shades Darker),Zayn / Taylor Swift,2017,6,1,48.0,0,2017-06-01
I Feel So Bad,Elvis Presley,1961,5,3,23.0,0,1961-05-01
I Feel So Bad,Elvis Presley,1961,6,4,10.25,0,1961-06-01
I Feel So Bad,Elvis Presley,1961,7,2,60.5,0,1961-07-01
I Forgot That You Existed,Taylor Swift,2019,9,2,51.0,0,2019-09-01
I Got Stung,Elvis Presley,1958,11,4,25.5,0,1958-11-01
I Got Stung,Elvis Presley,1958,12,5,10.4,0,1958-12-01
I Got Stung,Elvis Presley,1959,1,4,21.25,0,1959-01-01
I Got Stung,Elvis Presley,1959,2,3,70.66666666666667,0,1959-02-01
I Gotta Know,Elvis Presley With The Jordanaires,1960,11,3,51.666666666666664,0,1960-11-01
I Gotta Know,Elvis Presley With The Jordanaires,1960,12,4,29.0,0,1960-12-01
I Gotta Know,Elvis Presley With The Jordanaires,1961,1,4,36.25,0,1961-01-01
I Knew You Were Trouble.,Taylor Swift,2012,10,1,3.0,0,2012-10-01
I Knew You Were Trouble.,Taylor Swift,2012,11,3,51.666666666666664,0,2012-11-01
I Knew You Were Trouble.,Taylor Swift,2012,12,5,36.2,0,2012-12-01
I Knew You Were Trouble.,Taylor Swift,2013,1,4,3.25,0,2013-01-01
I Knew You Were Trouble.,Taylor Swift,2013,2,4,4.75,0,2013-02-01
I Knew You Were Trouble.,Taylor Swift,2013,3,5,5.2,0,2013-03-01
I Knew You Were Trouble.,Taylor Swift,2013,4,4,14.25,0,2013-04-01
I Knew You Were Trouble.,Taylor Swift,2013,5,4,32.5,0,2013-05-01
I Knew You Were Trouble.,Taylor Swift,2013,6,5,44.6,0,2013-06-01
I Knew You Were Trouble.,Taylor Swift,2013,7,1,49.0,0,2013-07-01
I Knew You Were Waiting (For Me),Aretha Franklin & George Michael,1987,2,2,51.5,0,1987-02-01
I Knew You Were Waiting (For Me),Aretha Franklin & George Michael,1987,3,4,20.25,0,1987-03-01
I Knew You Were Waiting (For Me),Aretha Franklin & George Michael,1987,4,4,2.75,0,1987-04-01
I Knew You Were Waiting (For Me),Aretha Franklin & George Michael,1987,5,5,23.8,0,1987-05-01
I Knew You Were Waiting (For Me),Aretha Franklin & George Michael,1987,6,2,75.0,0,1987-06-01
I Need Your Love Tonight,Elvis Presley With The Jordanaires,1959,3,1,33.0,0,1959-03-01
I Need Your Love Tonight,Elvis Presley With The Jordanaires,1959,4,4,8.25,0,1959-04-01
I Need Your Love Tonight,Elvis Presley With The Jordanaires,1959,5,4,13.5,0,1959-05-01
I Need Your Love Tonight,Elvis Presley With The Jordanaires,1959,6,4,52.5,0,1959-06-01
I Never Loved A Man (The Way I Love You),Aretha Franklin,1967,3,4,44.25,0,1967-03-01
I Never Loved A Man (The Way I Love You),Aretha Franklin,1967,4,5,11.6,0,1967-04-01
I Never Loved A Man (The Way I Love You),Aretha Franklin,1967,5,2,24.0,0,1967-05-01
I Really Don't Want To Know/There Goes My Everything,Elvis Presley,1970,12,1,56.0,0,1970-12-01
I Really Don't Want To Know/There Goes My Everything,Elvis Presley,1971,1,5,27.0,0,1971-01-01
I Really Don't Want To Know/There Goes My Everything,Elvis Presley,1971,2,3,26.666666666666668,0,1971-02-01
I Say A Little Prayer,Aretha Franklin,1968,8,3,48.666666666666664,0,1968-08-01
I Say A Little Prayer,Aretha Franklin,1968,9,4,16.25,0,1968-09-01
I Say A Little Prayer,Aretha Franklin,1968,10,4,17.5,0,1968-10-01
"I Surrender, Dear",Aretha Franklin,1962,2,4,95.75,0,1962-02-01
"I Surrender, Dear",Aretha Franklin,1962,3,1,87.0,0,1962-03-01
I Think He Knows,Taylor Swift,2019,9,1,51.0,0,2019-09-01
I Will Always Love You,Dolly Parton,1982,7,1,87.0,1,1982-07-01
I Will Always Love You,Dolly Parton,1982,8,4,66.0,1,1982-08-01
I Will Always Love You,Dolly Parton,1982,9,4,54.25,1,1982-09-01
I Will Always Love You,Dolly Parton,1982,10,5,96.4,1,1982-10-01
"I'll Remember (From ""With Honors"")",Madonna,1994,4,5,20.0,0,1994-04-01
"I'll Remember (From ""With Honors"")",Madonna,1994,5,4,4.0,0,1994-05-01
"I'll Remember (From ""With Honors"")",Madonna,1994,6,4,2.75,0,1994-06-01
"I'll Remember (From ""With Honors"")",Madonna,1994,7,5,10.4,0,1994-07-01
"I'll Remember (From ""With Honors"")",Madonna,1994,8,4,19.75,0,1994-08-01
"I'll Remember (From ""With Honors"")",Madonna,1994,9,4,41.25,0,1994-09-01
I'm In Love,Aretha Franklin,1974,4,4,62.0,0,1974-04-01
I'm In Love,Aretha Franklin,1974,5,4,27.5,0,1974-05-01
I'm In Love,Aretha Franklin,1974,6,5,34.4,0,1974-06-01
I'm Leavin',Elvis Presley,1971,7,4,59.5,0,1971-07-01
I'm Leavin',Elvis Presley,1971,8,4,45.25,0,1971-08-01
I'm Leavin',Elvis Presley,1971,9,1,78.0,0,1971-09-01
I'm Yours,Elvis Presley,1965,8,1,83.0,0,1965-08-01
I'm Yours,Elvis Presley,1965,9,4,42.5,0,1965-09-01
I'm Yours,Elvis Presley,1965,10,5,16.2,0,1965-10-01
I'm Yours,Elvis Presley,1965,11,1,50.0,0,1965-11-01
I've Got A Thing About You Baby/Take Good Care Of Her,Elvis Presley,1974,2,3,71.66666666666667,0,1974-02-01
I've Got A Thing About You Baby/Take Good Care Of Her,Elvis Presley,1974,3,5,42.4,0,1974-03-01
I've Got A Thing About You Baby/Take Good Care Of Her,Elvis Presley,1974,4,4,57.5,0,1974-04-01
I've Lost You/The Next Step Is Love,Elvis Presley,1970,8,5,48.8,0,1970-08-01
I've Lost You/The Next Step Is Love,Elvis Presley,1970,9,4,43.0,0,1970-09-01
If I Can Dream,Elvis Presley,1968,11,1,100.0,0,1968-11-01
If I Can Dream,Elvis Presley,1968,12,4,42.25,0,1968-12-01
If I Can Dream,Elvis Presley,1969,1,4,19.0,0,1969-01-01
If I Can Dream,Elvis Presley,1969,2,4,19.0,0,1969-02-01
If This Was A Movie,Taylor Swift,2011,11,1,10.0,0,2011-11-01
If This Was A Movie,Taylor Swift,2011,12,1,53.0,0,2011-12-01
If You Talk In Your Sleep,Elvis Presley,1974,6,4,54.75,0,1974-06-01
If You Talk In Your Sleep,Elvis Presley,1974,7,4,24.75,0,1974-07-01
If You Talk In Your Sleep,Elvis Presley,1974,8,5,54.6,0,1974-08-01
Illicit Affairs,Taylor Swift,2020,8,1,44.0,0,2020-08-01
In The Ghetto,Elvis Presley,1969,5,5,33.8,0,1969-05-01
In The Ghetto,Elvis Presley,1969,6,4,5.0,0,1969-06-01
In The Ghetto,Elvis Presley,1969,7,4,17.75,0,1969-07-01
Indescribably Blue,Elvis Presley With The Jordanaires and The Imperials Quartet,1967,1,1,77.0,0,1967-01-01
Indescribably Blue,Elvis Presley With The Jordanaires and The Imperials Quartet,1967,2,4,43.25,0,1967-02-01
Indescribably Blue,Elvis Presley With The Jordanaires and The Imperials Quartet,1967,3,3,41.666666666666664,0,1967-03-01
Innocent,Taylor Swift,2010,11,1,27.0,0,2010-11-01
Invisible String,Taylor Swift,2020,8,2,61.0,0,2020-08-01
Islands In The Stream,Kenny Rogers Duet With Dolly Parton,1983,8,1,58.0,1,1983-08-01
Islands In The Stream,Kenny Rogers Duet With Dolly Parton,1983,9,4,30.0,1,1983-09-01
Islands In The Stream,Kenny Rogers Duet With Dolly Parton,1983,10,5,4.8,1,1983-10-01
Islands In The Stream,Kenny Rogers Duet With Dolly Parton,1983,11,4,2.75,1,1983-11-01
Islands In The Stream,Kenny Rogers Duet With Dolly Parton,1983,12,5,10.8,1,1983-12-01
Islands In The Stream,Kenny Rogers Duet With Dolly Parton,1984,1,4,51.5,1,1984-01-01
Islands In The Stream,Kenny Rogers Duet With Dolly Parton,1984,2,2,84.5,1,1984-02-01
It Feels So Right,Elvis Presley With The Jordanaires,1965,6,2,76.0,0,1965-06-01
It Feels So Right,Elvis Presley With The Jordanaires,1965,7,4,62.0,0,1965-07-01
It Hurts Me,Elvis Presley With The Jordanaires,1964,2,1,78.0,0,1964-02-01
It Hurts Me,Elvis Presley With The Jordanaires,1964,3,4,35.25,0,1964-03-01
It Hurts Me,Elvis Presley With The Jordanaires,1964,4,2,35.0,0,1964-04-01
"It Isn't, It Wasn't, It Ain't Never Gonna Be",Aretha Franklin/Whitney Houston,1989,7,5,55.4,0,1989-07-01
"It Isn't, It Wasn't, It Ain't Never Gonna Be",Aretha Franklin/Whitney Houston,1989,8,3,58.333333333333336,0,1989-08-01
It's Nice To Have A Friend,Taylor Swift,2019,9,1,92.0,0,2019-09-01
It's Now Or Never,Elvis Presley With The Jordanaires,1960,7,2,29.0,0,1960-07-01
It's Now Or Never,Elvis Presley With The Jordanaires,1960,8,5,1.8,0,1960-08-01
It's Now Or Never,Elvis Presley With The Jordanaires,1960,9,4,2.75,0,1960-09-01
It's Now Or Never,Elvis Presley With The Jordanaires,1960,10,5,14.2,0,1960-10-01
It's Now Or Never,Elvis Presley With The Jordanaires,1960,11,4,62.0,0,1960-11-01
It's Only Love,Elvis Presley,1971,10,4,64.0,0,1971-10-01
It's Only Love,Elvis Presley,1971,11,2,54.5,0,1971-11-01
Ivy,Taylor Swift,2020,12,1,61.0,0,2020-12-01
Jimmy Lee,Aretha Franklin,1986,12,4,70.25,0,1986-12-01
Jimmy Lee,Aretha Franklin,1987,1,5,41.4,0,1987-01-01
Jimmy Lee,Aretha Franklin,1987,2,4,55.75,0,1987-02-01
Jolene,Dolly Parton,1974,1,1,92.0,1,1974-01-01
Jolene,Dolly Parton,1974,2,4,75.0,1,1974-02-01
Jolene,Dolly Parton,1974,3,3,61.0,1,1974-03-01
Judy,Elvis Presley,1967,9,4,84.25,0,1967-09-01
Judy,Elvis Presley,1967,10,1,78.0,0,1967-10-01
Jump,Aretha Franklin,1976,10,5,76.0,0,1976-10-01
Jump Then Fall,Taylor Swift,2009,11,3,47.333333333333336,0,2009-11-01
Jump To It,Aretha Franklin,1982,8,2,76.0,0,1982-08-01
Jump To It,Aretha Franklin,1982,9,4,36.5,0,1982-09-01
Jump To It,Aretha Franklin,1982,10,5,46.2,0,1982-10-01
Jump To It,Aretha Franklin,1982,11,1,99.0,0,1982-11-01
Jumpin' Jack Flash,Aretha Franklin,1986,9,1,61.0,0,1986-09-01
Jumpin' Jack Flash,Aretha Franklin,1986,10,4,38.0,0,1986-10-01
Jumpin' Jack Flash,Aretha Franklin,1986,11,5,34.8,0,1986-11-01
Jumpin' Jack Flash,Aretha Franklin,1986,12,1,100.0,0,1986-12-01
Just Tell Her Jim Said Hello,Elvis Presley With The Jordanaires,1962,8,3,72.0,0,1962-08-01
Just Tell Her Jim Said Hello,Elvis Presley With The Jordanaires,1962,9,2,56.5,0,1962-09-01
Justify My Love,Madonna,1990,11,2,41.0,0,1990-11-01
Justify My Love,Madonna,1990,12,5,8.2,0,1990-12-01
Justify My Love,Madonna,1991,1,4,2.5,0,1991-01-01
Justify My Love,Madonna,1991,2,4,37.25,0,1991-02-01
Justify My Love,Madonna,1991,3,1,86.0,0,1991-03-01
Keep It Together,Madonna,1990,2,4,39.75,0,1990-02-01
Keep It Together,Madonna,1990,3,5,15.0,0,1990-03-01
Keep It Together,Madonna,1990,4,4,44.5,0,1990-04-01
Kentucky Rain,Elvis Presley,1970,2,3,54.0,0,1970-02-01
Kentucky Rain,Elvis Presley,1970,3,4,18.25,0,1970-03-01
Kentucky Rain,Elvis Presley,1970,4,2,28.0,0,1970-04-01
King Of The Whole Wide World,Elvis Presley With The Jordanaires,1962,9,2,61.0,0,1962-09-01
King Of The Whole Wide World,Elvis Presley With The Jordanaires,1962,10,4,35.25,0,1962-10-01
King Of The Whole Wide World,Elvis Presley With The Jordanaires,1962,11,1,58.0,0,1962-11-01
Kiss Me Quick,Elvis Presley With The Jordanaires,1964,5,5,51.2,0,1964-05-01
Kiss Me Quick,Elvis Presley With The Jordanaires,1964,6,1,50.0,0,1964-06-01
Kissin' Cousins,Elvis Presley With The Jordanaires,1964,2,2,54.0,0,1964-02-01
Kissin' Cousins,Elvis Presley With The Jordanaires,1964,3,4,15.25,0,1964-03-01
Kissin' Cousins,Elvis Presley With The Jordanaires,1964,4,3,30.0,0,1964-04-01
La Isla Bonita,Madonna,1987,3,2,44.0,0,1987-03-01
La Isla Bonita,Madonna,1987,4,4,15.5,0,1987-04-01
La Isla Bonita,Madonna,1987,5,5,8.0,0,1987-05-01
La Isla Bonita,Madonna,1987,6,4,44.25,0,1987-06-01
La Isla Bonita,Madonna,1987,7,2,88.0,0,1987-07-01
Last Kiss,Taylor Swift,2010,11,1,71.0,0,2010-11-01
Let Yourself Go,Elvis Presley With The Jordanaires,1968,6,3,93.33333333333333,0,1968-06-01
Let Yourself Go,Elvis Presley With The Jordanaires,1968,7,2,76.0,0,1968-07-01
Life/Only Believe,Elvis Presley,1971,5,3,72.0,0,1971-05-01
Life/Only Believe,Elvis Presley,1971,6,4,55.75,0,1971-06-01
Light Of A Clear Blue Morning,Dolly Parton,1977,6,2,92.0,1,1977-06-01
Light Of A Clear Blue Morning,Dolly Parton,1977,7,3,87.66666666666667,1,1977-07-01
Like A Prayer,Madonna,1989,3,2,31.5,0,1989-03-01
Like A Prayer,Madonna,1989,4,5,4.2,0,1989-04-01
Like A Prayer,Madonna,1989,5,4,7.75,0,1989-05-01
Like A Prayer,Madonna,1989,6,4,50.25,0,1989-06-01
Like A Prayer,Madonna,1989,7,1,98.0,0,1989-07-01
Like A Virgin,Madonna,1984,11,2,43.0,0,1984-11-01
Like A Virgin,Madonna,1984,12,5,7.4,0,1984-12-01
Like A Virgin,Madonna,1985,1,4,1.0,0,1985-01-01
Like A Virgin,Madonna,1985,2,4,15.25,0,1985-02-01
Like A Virgin,Madonna,1985,3,4,70.0,0,1985-03-01
Little Sister,Elvis Presley,1961,8,2,43.5,0,1961-08-01
Little Sister,Elvis Presley,1961,9,4,10.75,0,1961-09-01
Little Sister,Elvis Presley,1961,10,5,19.6,0,1961-10-01
Little Sister,Elvis Presley,1961,11,2,52.0,0,1961-11-01
Live To Tell,Madonna,1986,4,3,36.0,0,1986-04-01
Live To Tell,Madonna,1986,5,5,6.8,0,1986-05-01
Live To Tell,Madonna,1986,6,4,4.5,0,1986-06-01
Live To Tell,Madonna,1986,7,4,38.75,0,1986-07-01
Live To Tell,Madonna,1986,8,2,87.5,0,1986-08-01
London Boy,Taylor Swift,2019,9,1,62.0,0,2019-09-01
Lonely Man,Elvis Presley With The Jordanaires,1961,2,1,84.0,0,1961-02-01
Lonely Man,Elvis Presley With The Jordanaires,1961,3,4,43.5,0,1961-03-01
Long Legged Girl (With The Short Dress On),Elvis Presley With The Jordanaires,1967,5,2,78.5,0,1967-05-01
Long Legged Girl (With The Short Dress On),Elvis Presley With The Jordanaires,1967,6,3,66.0,0,1967-06-01
Long Live,Taylor Swift,2010,11,1,85.0,0,2010-11-01
Long Story Short,Taylor Swift,2020,12,1,68.0,0,2020-12-01
Look Into Your Heart,Aretha Franklin,1977,2,4,84.0,0,1977-02-01
Look What You Made Me Do,Taylor Swift,2017,9,4,20.0,0,2017-09-01
Look What You Made Me Do,Taylor Swift,2017,10,4,3.75,0,2017-10-01
Look What You Made Me Do,Taylor Swift,2017,11,4,26.5,0,2017-11-01
Look What You Made Me Do,Taylor Swift,2017,12,5,55.4,0,2017-12-01
Look What You Made Me Do,Taylor Swift,2018,1,2,60.5,0,2018-01-01
Love All The Hurt Away,Aretha Franklin And George Benson,1981,8,1,89.0,0,1981-08-01
Love All The Hurt Away,Aretha Franklin And George Benson,1981,9,4,55.75,0,1981-09-01
Love All The Hurt Away,Aretha Franklin And George Benson,1981,10,5,65.2,0,1981-10-01
Love Don't Live Here Anymore,Madonna,1996,4,2,89.0,0,1996-04-01
Love Don't Live Here Anymore,Madonna,1996,5,4,81.25,0,1996-05-01
Love Don't Live Here Anymore,Madonna,1996,6,2,95.5,0,1996-06-01
Love Letters,Elvis Presley,1966,7,5,32.2,0,1966-07-01
Love Letters,Elvis Presley,1966,8,2,38.0,0,1966-08-01
Love Story,Taylor Swift,2008,9,1,16.0,0,2008-09-01
Love Story,Taylor Swift,2008,10,4,10.25,0,2008-10-01
Love Story,Taylor Swift,2008,11,5,15.4,0,2008-11-01
Love Story,Taylor Swift,2008,12,4,12.25,0,2008-12-01
Love Story,Taylor Swift,2009,1,5,5.2,0,2009-01-01
Love Story,Taylor Swift,2009,2,4,6.0,0,2009-02-01
Love Story,Taylor Swift,2009,3,4,10.5,0,2009-03-01
Love Story,Taylor Swift,2009,4,4,14.0,0,2009-04-01
Love Story,Taylor Swift,2009,5,5,19.4,0,2009-05-01
Love Story,Taylor Swift,2009,6,4,28.5,0,2009-06-01
Love Story,Taylor Swift,2009,7,4,35.25,0,2009-07-01
Love Story,Taylor Swift,2009,8,5,44.6,0,2009-08-01
Love Story (Taylor's Version),Taylor Swift,2021,2,1,11.0,0,2021-02-01
Love Story (Taylor's Version),Taylor Swift,2021,4,1,52.0,0,2021-04-01
Lover,Taylor Swift,2019,8,1,19.0,0,2019-08-01
Lover,Taylor Swift,2019,9,4,32.75,0,2019-09-01
Lover,Taylor Swift,2019,10,4,40.0,0,2019-10-01
Lover,Taylor Swift,2019,11,5,34.0,0,2019-11-01
Lover,Taylor Swift,2019,12,4,34.75,0,2019-12-01
Lover,Taylor Swift,2020,1,4,44.25,0,2020-01-01
Lucky Star,Madonna,1984,8,1,49.0,0,1984-08-01
Lucky Star,Madonna,1984,9,5,24.0,0,1984-09-01
Lucky Star,Madonna,1984,10,4,5.5,0,1984-10-01
Lucky Star,Madonna,1984,11,4,27.0,0,1984-11-01
Lucky Star,Madonna,1984,12,2,91.5,0,1984-12-01
ME!,Taylor Swift Featuring Brendon Urie,2019,5,4,28.25,0,2019-05-01
ME!,Taylor Swift Featuring Brendon Urie,2019,6,5,12.0,0,2019-06-01
ME!,Taylor Swift Featuring Brendon Urie,2019,7,4,44.25,0,2019-07-01
ME!,Taylor Swift Featuring Brendon Urie,2019,8,5,61.2,0,2019-08-01
ME!,Taylor Swift Featuring Brendon Urie,2019,9,2,32.5,0,2019-09-01
Mack The Knife,Ella Fitzgerald,1960,5,5,58.8,0,1960-05-01
Mack The Knife,Ella Fitzgerald,1960,6,4,29.5,0,1960-06-01
Mack The Knife,Ella Fitzgerald,1960,7,4,46.5,0,1960-07-01
Mack The Knife,Ella Fitzgerald,1960,8,1,70.0,0,1960-08-01
Mad Woman,Taylor Swift,2020,8,1,47.0,0,2020-08-01
Marjorie,Taylor Swift,2020,12,1,75.0,0,2020-12-01
Master Of Eyes (The Deepness Of Your Eyes),Aretha Franklin,1973,2,3,64.33333333333333,0,1973-02-01
Master Of Eyes (The Deepness Of Your Eyes),Aretha Franklin,1973,3,5,36.8,0,1973-03-01
Master Of Eyes (The Deepness Of Your Eyes),Aretha Franklin,1973,4,2,40.0,0,1973-04-01
Material Girl,Madonna,1985,2,3,33.666666666666664,0,1985-02-01
Material Girl,Madonna,1985,3,5,6.0,0,1985-03-01
Material Girl,Madonna,1985,4,4,11.0,0,1985-04-01
Material Girl,Madonna,1985,5,4,59.5,0,1985-05-01
Material Girl,Madonna,1985,6,1,100.0,0,1985-06-01
Me Against The Music,Britney Spears Featuring Madonna,2003,10,1,50.0,0,2003-10-01
Me Against The Music,Britney Spears Featuring Madonna,2003,11,5,39.6,0,2003-11-01
Me Against The Music,Britney Spears Featuring Madonna,2003,12,4,62.5,0,2003-12-01
Me Against The Music,Britney Spears Featuring Madonna,2004,1,3,89.66666666666667,0,2004-01-01
Mean,Taylor Swift,2010,11,1,11.0,0,2010-11-01
Mean,Taylor Swift,2011,4,4,64.0,0,2011-04-01
Mean,Taylor Swift,2011,5,4,46.75,0,2011-05-01
Mean,Taylor Swift,2011,6,4,35.75,0,2011-06-01
Mean,Taylor Swift,2011,7,5,40.6,0,2011-07-01
Mean,Taylor Swift,2011,8,2,62.0,0,2011-08-01
Memories,Elvis Presley,1969,3,2,59.5,0,1969-03-01
Memories,Elvis Presley,1969,4,4,39.75,0,1969-04-01
Memories,Elvis Presley,1969,5,1,41.0,0,1969-05-01
Mine,Taylor Swift,2010,8,2,5.5,0,2010-08-01
Mine,Taylor Swift,2010,9,4,10.0,0,2010-09-01
Mine,Taylor Swift,2010,10,5,12.6,0,2010-10-01
Mine,Taylor Swift,2010,11,4,18.25,0,2010-11-01
Mine,Taylor Swift,2010,12,4,41.75,0,2010-12-01
Mine,Taylor Swift,2011,1,4,43.75,0,2011-01-01
Mirrorball,Taylor Swift,2020,8,2,59.5,0,2020-08-01
Miss Americana & The Heartbreak Prince,Taylor Swift,2019,9,1,49.0,0,2019-09-01
Mockingbird,Aretha Franklin,1967,12,2,94.0,0,1967-12-01
Moody Blue/she Thinks I Still Care,Elvis Presley,1976,12,1,82.0,0,1976-12-01
Moody Blue/she Thinks I Still Care,Elvis Presley,1977,1,5,57.0,0,1977-01-01
Moody Blue/she Thinks I Still Care,Elvis Presley,1977,2,4,36.0,0,1977-02-01
Moody Blue/she Thinks I Still Care,Elvis Presley,1977,3,3,43.666666666666664,0,1977-03-01
Mr. D.J. (5 For The D.J.),Aretha Franklin,1975,9,2,78.0,0,1975-09-01
Mr. D.J. (5 For The D.J.),Aretha Franklin,1975,10,3,56.333333333333336,0,1975-10-01
Mr. Perfectly Fine (Taylor's Version) (From The Vault),Taylor Swift,2021,4,2,60.0,0,2021-04-01
Mr. Perfectly Fine (Taylor's Version) (From The Vault),Taylor Swift,2021,5,1,90.0,0,2021-05-01
Music,Madonna,2000,8,3,27.333333333333332,0,2000-08-01
Music,Madonna,2000,9,5,3.8,0,2000-09-01
Music,Madonna,2000,10,4,1.75,0,2000-10-01
Music,Madonna,2000,11,4,4.0,0,2000-11-01
Music,Madonna,2000,12,5,19.8,0,2000-12-01
Music,Madonna,2001,1,3,33.333333333333336,0,2001-01-01
My Boy,Elvis Presley,1975,1,1,82.0,0,1975-01-01
My Boy,Elvis Presley,1975,2,4,42.75,0,1975-02-01
My Boy,Elvis Presley,1975,3,5,31.6,0,1975-03-01
My Boy,Elvis Presley,1975,4,1,60.0,0,1975-04-01
My Song,Aretha Franklin,1968,11,1,77.0,0,1968-11-01
My Song,Aretha Franklin,1968,12,4,51.0,0,1968-12-01
My Song,Aretha Franklin,1969,1,2,36.0,0,1969-01-01
My Tears Ricochet,Taylor Swift,2020,8,2,42.5,0,2020-08-01
My Way,Elvis Presley,1977,11,3,61.0,0,1977-11-01
My Way,Elvis Presley,1977,12,5,28.0,0,1977-12-01
My Way,Elvis Presley,1978,1,4,52.0,0,1978-01-01
My Wish Came True,Elvis Presley With The Jordanaires,1959,7,3,29.333333333333332,0,1959-07-01
My Wish Came True,Elvis Presley With The Jordanaires,1959,8,5,15.4,0,1959-08-01
My Wish Came True,Elvis Presley With The Jordanaires,1959,9,3,35.666666666666664,0,1959-09-01
Never Grow Up,Taylor Swift,2010,11,1,84.0,0,2010-11-01
New Romantics,Taylor Swift,2015,3,1,71.0,0,2015-03-01
New Romantics,Taylor Swift,2016,3,1,73.0,0,2016-03-01
New Romantics,Taylor Swift,2016,4,5,60.0,0,2016-04-01
New Romantics,Taylor Swift,2016,5,1,78.0,0,2016-05-01
"No Body, No Crime",Taylor Swift Featuring HAIM,2020,12,1,34.0,0,2020-12-01
"No Body, No Crime",Taylor Swift Featuring HAIM,2021,1,1,97.0,0,2021-01-01
Nothing Really Matters,Madonna,1999,5,2,96.0,0,1999-05-01
Oh Father,Madonna,1989,11,3,46.666666666666664,0,1989-11-01
Oh Father,Madonna,1989,12,5,26.8,0,1989-12-01
Oh Father,Madonna,1990,1,4,39.5,0,1990-01-01
Oh Father,Madonna,1990,2,1,100.0,0,1990-02-01
Oh Me Oh My (I'm A Fool For You Baby),Aretha Franklin,1972,1,3,77.0,0,1972-01-01
Oh Me Oh My (I'm A Fool For You Baby),Aretha Franklin,1972,2,1,76.0,0,1972-02-01
One Broken Heart For Sale,Elvis Presley With The Mello Men,1963,2,2,42.0,0,1963-02-01
One Broken Heart For Sale,Elvis Presley With The Mello Men,1963,3,5,14.0,0,1963-03-01
One Broken Heart For Sale,Elvis Presley With The Mello Men,1963,4,2,38.5,0,1963-04-01
One Night,Elvis Presley,1958,11,3,17.0,0,1958-11-01
One Night,Elvis Presley,1958,12,5,4.8,0,1958-12-01
One Night,Elvis Presley,1959,1,4,10.75,0,1959-01-01
One Night,Elvis Presley,1959,2,4,50.75,0,1959-02-01
One Night,Elvis Presley,1959,3,1,92.0,0,1959-03-01
Only The Young,Taylor Swift,2020,2,1,50.0,0,2020-02-01
Open Your Heart,Madonna,1986,12,4,34.5,0,1986-12-01
Open Your Heart,Madonna,1987,1,5,10.0,0,1987-01-01
Open Your Heart,Madonna,1987,2,4,7.5,0,1987-02-01
Open Your Heart,Madonna,1987,3,4,53.5,0,1987-03-01
Open Your Heart,Madonna,1987,4,1,98.0,0,1987-04-01
Our Song,Taylor Swift,2007,10,3,69.66666666666667,0,2007-10-01
Our Song,Taylor Swift,2007,11,4,36.25,0,2007-11-01
Our Song,Taylor Swift,2007,12,5,23.6,0,2007-12-01
Our Song,Taylor Swift,2008,1,4,19.75,0,2008-01-01
Our Song,Taylor Swift,2008,2,4,25.0,0,2008-02-01
Our Song,Taylor Swift,2008,3,5,36.4,0,2008-03-01
Our Song,Taylor Swift,2008,4,4,32.0,0,2008-04-01
Our Song,Taylor Swift,2008,5,5,32.2,0,2008-05-01
Our Song,Taylor Swift,2008,6,2,48.0,0,2008-06-01
Ours,Taylor Swift,2011,11,1,13.0,0,2011-11-01
Ours,Taylor Swift,2011,12,5,66.4,0,2011-12-01
Ours,Taylor Swift,2012,1,4,44.5,0,2012-01-01
Ours,Taylor Swift,2012,2,4,44.75,0,2012-02-01
Ours,Taylor Swift,2012,3,5,43.8,0,2012-03-01
Ours,Taylor Swift,2012,4,1,42.0,0,2012-04-01
Out Of The Woods,Taylor Swift,2014,11,2,47.5,0,2014-11-01
Out Of The Woods,Taylor Swift,2016,1,2,50.5,0,2016-01-01
Out Of The Woods,Taylor Swift,2016,2,4,48.5,0,2016-02-01
Out Of The Woods,Taylor Swift,2016,3,2,65.0,0,2016-03-01
Papa Don't Preach,Madonna,1986,6,1,42.0,0,1986-06-01
Papa Don't Preach,Madonna,1986,7,4,19.25,0,1986-07-01
Papa Don't Preach,Madonna,1986,8,5,2.2,0,1986-08-01
Papa Don't Preach,Madonna,1986,9,4,21.25,0,1986-09-01
Papa Don't Preach,Madonna,1986,10,4,72.5,0,1986-10-01
Paper Rings,Taylor Swift,2019,9,1,45.0,0,2019-09-01
Peace,Taylor Swift,2020,8,1,58.0,0,2020-08-01
Picture To Burn,Taylor Swift,2008,3,5,73.2,0,2008-03-01
Picture To Burn,Taylor Swift,2008,4,4,44.0,0,2008-04-01
Picture To Burn,Taylor Swift,2008,5,5,34.8,0,2008-05-01
Picture To Burn,Taylor Swift,2008,6,4,73.0,0,2008-06-01
Picture To Burn,Taylor Swift,2008,7,2,85.5,0,2008-07-01
Please Don't Stop Loving Me,Elvis Presley,1966,3,2,77.0,0,1966-03-01
Please Don't Stop Loving Me,Elvis Presley,1966,4,5,48.4,0,1966-04-01
Please Don't Stop Loving Me,Elvis Presley,1966,5,1,66.0,0,1966-05-01
Promised Land,Elvis Presley,1974,10,1,86.0,0,1974-10-01
Promised Land,Elvis Presley,1974,11,5,31.0,0,1974-11-01
Promised Land,Elvis Presley,1974,12,4,21.25,0,1974-12-01
Promised Land,Elvis Presley,1975,1,3,50.333333333333336,0,1975-01-01
Puppet On A String,Elvis Presley With The Jordanaires,1965,11,3,60.666666666666664,0,1965-11-01
Puppet On A String,Elvis Presley With The Jordanaires,1965,12,4,20.5,0,1965-12-01
Puppet On A String,Elvis Presley With The Jordanaires,1966,1,3,26.333333333333332,0,1966-01-01
Rain,Madonna,1993,7,2,44.5,0,1993-07-01
Rain,Madonna,1993,8,4,25.75,0,1993-08-01
Rain,Madonna,1993,9,4,15.75,0,1993-09-01
Rain,Madonna,1993,10,5,29.4,0,1993-10-01
Rain,Madonna,1993,11,4,63.25,0,1993-11-01
Rain,Madonna,1993,12,1,75.0,0,1993-12-01
Raised On Rock/For Ol' Times Sake,Elvis Presley,1973,9,2,69.5,0,1973-09-01
Raised On Rock/For Ol' Times Sake,Elvis Presley,1973,10,4,44.5,0,1973-10-01
Raised On Rock/For Ol' Times Sake,Elvis Presley,1973,11,3,53.666666666666664,0,1973-11-01
Ray Of Light,Madonna,1998,7,3,6.666666666666667,0,1998-07-01
Ray Of Light,Madonna,1998,8,5,20.8,0,1998-08-01
Ray Of Light,Madonna,1998,9,4,38.5,0,1998-09-01
Ray Of Light,Madonna,1998,10,5,51.6,0,1998-10-01
Ray Of Light,Madonna,1998,11,3,64.33333333333333,0,1998-11-01
Real Love,Dolly Parton (Duet With Kenny Rogers),1985,6,3,95.33333333333333,1,1985-06-01
Red,Taylor Swift,2012,10,2,30.0,0,2012-10-01
Red,Taylor Swift,2012,11,2,83.0,0,2012-11-01
Red,Taylor Swift,2013,1,1,80.0,0,2013-01-01
Red,Taylor Swift,2013,8,2,92.5,0,2013-08-01
Red,Taylor Swift,2013,9,4,80.0,0,2013-09-01
Red,Taylor Swift,2013,10,4,74.25,0,2013-10-01
Red,Taylor Swift,2013,11,5,61.6,0,2013-11-01
Red,Taylor Swift,2013,12,2,52.0,0,2013-12-01
Renegade,Big Red Machine Featuring Taylor Swift,2021,7,1,73.0,0,2021-07-01
Rescue Me,Madonna,1991,3,5,13.0,0,1991-03-01
Rescue Me,Madonna,1991,4,3,59.0,0,1991-04-01
Respect,Aretha Franklin,1967,4,1,50.0,0,1967-04-01
Respect,Aretha Franklin,1967,5,4,11.75,0,1967-05-01
Respect,Aretha Franklin,1967,6,4,1.5,0,1967-06-01
Respect,Aretha Franklin,1967,7,3,18.666666666666668,0,1967-07-01
Return To Sender,Elvis Presley With The Jordanaires,1962,10,2,44.0,0,1962-10-01
Return To Sender,Elvis Presley With The Jordanaires,1962,11,4,4.5,0,1962-11-01
Return To Sender,Elvis Presley With The Jordanaires,1962,12,5,3.0,0,1962-12-01
Return To Sender,Elvis Presley With The Jordanaires,1963,1,4,19.0,0,1963-01-01
Return To Sender,Elvis Presley With The Jordanaires,1963,2,1,51.0,0,1963-02-01
Rock Steady,Aretha Franklin,1971,10,1,69.0,0,1971-10-01
Rock Steady,Aretha Franklin,1971,11,4,20.0,0,1971-11-01
Rock Steady,Aretha Franklin,1971,12,4,16.75,0,1971-12-01
Rock-A-Bye Your Baby With A Dixie Melody,Aretha Franklin,1961,10,4,66.25,0,1961-10-01
Rock-A-Bye Your Baby With A Dixie Melody,Aretha Franklin,1961,11,4,40.75,0,1961-11-01
Rock-A-Bye Your Baby With A Dixie Melody,Aretha Franklin,1961,12,1,49.0,0,1961-12-01
Rock-A-Hula Baby,Elvis Presley With The Jordanaires,1961,12,4,41.5,0,1961-12-01
Rock-A-Hula Baby,Elvis Presley With The Jordanaires,1962,1,4,31.75,0,1962-01-01
Rock-A-Hula Baby,Elvis Presley With The Jordanaires,1962,2,1,49.0,0,1962-02-01
Rock-A-Lott,Aretha Franklin,1987,6,2,90.0,0,1987-06-01
Rock-A-Lott,Aretha Franklin,1987,7,2,86.5,0,1987-07-01
Romeo,Dolly Parton & Friends,1993,3,3,79.33333333333333,1,1993-03-01
Romeo,Dolly Parton & Friends,1993,4,4,52.75,1,1993-04-01
Romeo,Dolly Parton & Friends,1993,5,5,73.2,1,1993-05-01
Romeo,Dolly Parton & Friends,1993,6,2,97.0,1,1993-06-01
Ronan,Taylor Swift,2012,9,2,26.0,0,2012-09-01
Rough Lover,Aretha Franklin,1962,2,1,94.0,0,1962-02-01
Rubberneckin',Elvis Presley,2003,9,1,94.0,0,2003-09-01
Rubberneckin',Elvis Presley,2003,10,1,100.0,0,2003-10-01
Runnin' Out Of Fools,Aretha Franklin,1964,9,2,95.0,0,1964-09-01
Runnin' Out Of Fools,Aretha Franklin,1964,10,5,75.4,0,1964-10-01
Runnin' Out Of Fools,Aretha Franklin,1964,11,3,58.0,0,1964-11-01
Safe & Sound,Taylor Swift Featuring The Civil Wars,2012,1,4,41.0,0,2012-01-01
Safe & Sound,Taylor Swift Featuring The Civil Wars,2012,2,1,91.0,0,2012-02-01
Safe & Sound,Taylor Swift Featuring The Civil Wars,2012,3,5,65.2,0,2012-03-01
Safe & Sound,Taylor Swift Featuring The Civil Wars,2012,4,4,49.5,0,2012-04-01
Safe & Sound,Taylor Swift Featuring The Civil Wars,2012,5,3,77.0,0,2012-05-01
Save The Last Dance For Me,Dolly Parton,1983,12,4,67.5,1,1983-12-01
Save The Last Dance For Me,Dolly Parton,1984,1,4,48.0,1,1984-01-01
Save The Last Dance For Me,Dolly Parton,1984,2,4,69.0,1,1984-02-01
Secret,Madonna,1994,10,4,11.75,0,1994-10-01
Secret,Madonna,1994,11,4,5.0,0,1994-11-01
Secret,Madonna,1994,12,5,8.2,0,1994-12-01
Secret,Madonna,1995,1,4,18.5,0,1995-01-01
Secret,Madonna,1995,2,4,37.25,0,1995-02-01
Secret,Madonna,1995,3,1,50.0,0,1995-03-01
See Saw,Aretha Franklin,1968,11,2,28.5,0,1968-11-01
See Saw,Aretha Franklin,1968,12,4,14.75,0,1968-12-01
See Saw,Aretha Franklin,1969,1,2,28.0,0,1969-01-01
Separate Ways,Elvis Presley,1972,12,5,48.8,0,1972-12-01
Separate Ways,Elvis Presley,1973,1,4,24.5,0,1973-01-01
Separate Ways,Elvis Presley,1973,2,3,29.333333333333332,0,1973-02-01
Seven,Taylor Swift,2020,8,2,66.5,0,2020-08-01
Shake It Off,Taylor Swift,2014,9,4,1.5,0,2014-09-01
Shake It Off,Taylor Swift,2014,10,4,2.0,0,2014-10-01
Shake It Off,Taylor Swift,2014,11,5,1.8,0,2014-11-01
Shake It Off,Taylor Swift,2014,12,4,6.25,0,2014-12-01
Shake It Off,Taylor Swift,2015,1,5,8.2,0,2015-01-01
Shake It Off,Taylor Swift,2015,2,4,9.75,0,2015-02-01
Shake It Off,Taylor Swift,2015,3,4,20.5,0,2015-03-01
Shake It Off,Taylor Swift,2015,4,4,25.25,0,2015-04-01
Shake It Off,Taylor Swift,2015,5,5,33.6,0,2015-05-01
Shake It Off,Taylor Swift,2015,6,4,37.5,0,2015-06-01
Shake It Off,Taylor Swift,2015,7,4,43.75,0,2015-07-01
Shake It Off,Taylor Swift,2015,8,3,48.0,0,2015-08-01
Share Your Love With Me,Aretha Franklin,1969,8,5,36.2,0,1969-08-01
Share Your Love With Me,Aretha Franklin,1969,9,4,18.75,0,1969-09-01
Share Your Love With Me,Aretha Franklin,1969,10,1,31.0,0,1969-10-01
She's Not You,Elvis Presley With The Jordanaires,1962,8,4,26.0,0,1962-08-01
She's Not You,Elvis Presley With The Jordanaires,1962,9,5,8.6,0,1962-09-01
She's Not You,Elvis Presley With The Jordanaires,1962,10,1,32.0,0,1962-10-01
Should've Said No,Taylor Swift,2008,6,4,77.0,0,2008-06-01
Should've Said No,Taylor Swift,2008,7,4,50.75,0,2008-07-01
Should've Said No,Taylor Swift,2008,8,5,35.4,0,2008-08-01
Should've Said No,Taylor Swift,2008,9,4,54.5,0,2008-09-01
Should've Said No,Taylor Swift,2008,10,3,85.0,0,2008-10-01
Sisters Are Doin' It For Themselves,Eurythmics & Aretha Franklin,1985,10,2,53.5,0,1985-10-01
Sisters Are Doin' It For Themselves,Eurythmics & Aretha Franklin,1985,11,5,31.4,0,1985-11-01
Sisters Are Doin' It For Themselves,Eurythmics & Aretha Franklin,1985,12,4,30.25,0,1985-12-01
Sisters Are Doin' It For Themselves,Eurythmics & Aretha Franklin,1986,1,4,63.5,0,1986-01-01
Something He Can Feel,Aretha Franklin,1976,6,3,67.0,0,1976-06-01
Something He Can Feel,Aretha Franklin,1976,7,5,34.2,0,1976-07-01
Something He Can Feel,Aretha Franklin,1976,8,4,42.5,0,1976-08-01
Soon You'll Get Better,Taylor Swift Featuring Dixie Chicks,2019,9,1,63.0,0,2019-09-01
Sorry,Madonna,2006,3,3,68.33333333333333,0,2006-03-01
Sorry,Madonna,2006,4,3,83.33333333333333,0,2006-04-01
Soulville,Aretha Franklin,1968,2,1,84.0,0,1968-02-01
Soulville,Aretha Franklin,1968,3,2,83.0,0,1968-03-01
Spanish Harlem,Aretha Franklin,1971,7,1,69.0,0,1971-07-01
Spanish Harlem,Aretha Franklin,1971,8,4,17.75,0,1971-08-01
Spanish Harlem,Aretha Franklin,1971,9,4,3.25,0,1971-09-01
Spanish Harlem,Aretha Franklin,1971,10,3,13.333333333333334,0,1971-10-01
Sparks Fly,Taylor Swift,2010,11,2,47.5,0,2010-11-01
Sparks Fly,Taylor Swift,2011,8,1,84.0,0,2011-08-01
Sparks Fly,Taylor Swift,2011,9,4,67.25,0,2011-09-01
Sparks Fly,Taylor Swift,2011,10,5,56.0,0,2011-10-01
Sparks Fly,Taylor Swift,2011,11,4,46.5,0,2011-11-01
Sparks Fly,Taylor Swift,2011,12,4,64.75,0,2011-12-01
Speak Now,Taylor Swift,2010,10,2,26.5,0,2010-10-01
Speak Now,Taylor Swift,2010,11,1,86.0,0,2010-11-01
Spinout,Elvis Presley With The Jordanaires,1966,10,4,56.5,0,1966-10-01
Spinout,Elvis Presley With The Jordanaires,1966,11,3,49.333333333333336,0,1966-11-01
Spirit In The Dark,Aretha Franklin with The Dixie Flyers,1970,5,2,67.0,0,1970-05-01
Spirit In The Dark,Aretha Franklin with The Dixie Flyers,1970,6,4,32.0,0,1970-06-01
Spirit In The Dark,Aretha Franklin with The Dixie Flyers,1970,7,2,33.0,0,1970-07-01
Starting Over Again,Dolly Parton,1980,3,1,84.0,1,1980-03-01
Starting Over Again,Dolly Parton,1980,4,4,61.0,1,1980-04-01
Starting Over Again,Dolly Parton,1980,5,5,53.4,1,1980-05-01
State Of Grace,Taylor Swift,2012,11,1,13.0,0,2012-11-01
Stay Away,Elvis Presley With The Jordanaires,1968,3,3,79.0,0,1968-03-01
Stay Away,Elvis Presley With The Jordanaires,1968,4,2,72.0,0,1968-04-01
Stay Stay Stay,Taylor Swift,2012,11,1,91.0,0,2012-11-01
Steamroller Blues/Fool,Elvis Presley,1973,4,3,61.333333333333336,0,1973-04-01
Steamroller Blues/Fool,Elvis Presley,1973,5,4,24.5,0,1973-05-01
Steamroller Blues/Fool,Elvis Presley,1973,6,5,33.8,0,1973-06-01
Stuck On You,Elvis Presley With The Jordanaires,1960,4,4,27.0,0,1960-04-01
Stuck On You,Elvis Presley With The Jordanaires,1960,5,5,1.4,0,1960-05-01
Stuck On You,Elvis Presley With The Jordanaires,1960,6,4,10.5,0,1960-06-01
Stuck On You,Elvis Presley With The Jordanaires,1960,7,3,60.666666666666664,0,1960-07-01
Style,Taylor Swift,2014,11,1,60.0,0,2014-11-01
Style,Taylor Swift,2014,12,1,76.0,0,2014-12-01
Style,Taylor Swift,2015,1,4,69.75,0,2015-01-01
Style,Taylor Swift,2015,2,4,23.5,0,2015-02-01
Style,Taylor Swift,2015,3,4,7.0,0,2015-03-01
Style,Taylor Swift,2015,4,4,7.75,0,2015-04-01
Style,Taylor Swift,2015,5,5,15.2,0,2015-05-01
Style,Taylor Swift,2015,6,4,28.75,0,2015-06-01
Style,Taylor Swift,2015,7,4,43.75,0,2015-07-01
Style,Taylor Swift,2015,8,1,48.0,0,2015-08-01
Suavemente,Elvis Crespo,1998,11,2,90.0,0,1998-11-01
Such A Night,Elvis Presley With The Jordanaires,1964,7,1,82.0,0,1964-07-01
Such A Night,Elvis Presley With The Jordanaires,1964,8,5,30.2,0,1964-08-01
Such A Night,Elvis Presley With The Jordanaires,1964,9,2,27.0,0,1964-09-01
Superman,Taylor Swift,2011,11,1,26.0,0,2011-11-01
Superstar,Taylor Swift,2009,11,1,26.0,0,2009-11-01
Surrender,Elvis Presley With The Jordanaires,1961,2,2,14.0,0,1961-02-01
Surrender,Elvis Presley With The Jordanaires,1961,3,4,1.5,0,1961-03-01
Surrender,Elvis Presley With The Jordanaires,1961,4,4,9.75,0,1961-04-01
Surrender,Elvis Presley With The Jordanaires,1961,5,2,33.5,0,1961-05-01
Suspicious Minds,Elvis Presley,1969,9,3,44.0,0,1969-09-01
Suspicious Minds,Elvis Presley,1969,10,4,9.0,0,1969-10-01
Suspicious Minds,Elvis Presley,1969,11,5,7.0,0,1969-11-01
Suspicious Minds,Elvis Presley,1969,12,3,34.0,0,1969-12-01
Sweet Summer Lovin',Dolly Parton,1979,9,1,90.0,1,1979-09-01
Sweet Summer Lovin',Dolly Parton,1979,10,2,77.5,1,1979-10-01
Sweeter Than Fiction,Taylor Swift,2013,11,1,34.0,0,2013-11-01
T-R-O-U-B-L-E,Elvis Presley,1975,5,4,62.5,0,1975-05-01
T-R-O-U-B-L-E,Elvis Presley,1975,6,4,38.5,0,1975-06-01
T-R-O-U-B-L-E,Elvis Presley,1975,7,1,68.0,0,1975-07-01
Take A Bow,Madonna,1994,12,3,25.666666666666668,0,1994-12-01
Take A Bow,Madonna,1995,1,4,7.5,0,1995-01-01
Take A Bow,Madonna,1995,2,4,2.75,0,1995-02-01
Take A Bow,Madonna,1995,3,4,1.0,0,1995-03-01
Take A Bow,Madonna,1995,4,5,4.6,0,1995-04-01
Take A Bow,Madonna,1995,5,4,17.0,0,1995-05-01
Take A Bow,Madonna,1995,6,4,30.75,0,1995-06-01
Take A Bow,Madonna,1995,7,2,44.0,0,1995-07-01
Take A Look,Aretha Franklin,1967,9,5,68.8,0,1967-09-01
Take A Look,Aretha Franklin,1967,10,3,57.666666666666664,0,1967-10-01
Teardrops On My Guitar,Taylor Swift,2007,3,2,85.0,0,2007-03-01
Teardrops On My Guitar,Taylor Swift,2007,4,4,65.0,0,2007-04-01
Teardrops On My Guitar,Taylor Swift,2007,5,4,52.5,0,2007-05-01
Teardrops On My Guitar,Taylor Swift,2007,6,5,44.6,0,2007-06-01
Teardrops On My Guitar,Taylor Swift,2007,7,4,42.0,0,2007-07-01
Teardrops On My Guitar,Taylor Swift,2007,8,4,36.0,0,2007-08-01
Teardrops On My Guitar,Taylor Swift,2007,9,2,49.5,0,2007-09-01
Teardrops On My Guitar,Taylor Swift,2007,12,3,32.666666666666664,0,2007-12-01
Teardrops On My Guitar,Taylor Swift,2008,1,4,19.25,0,2008-01-01
Teardrops On My Guitar,Taylor Swift,2008,2,4,14.75,0,2008-02-01
Teardrops On My Guitar,Taylor Swift,2008,3,5,18.6,0,2008-03-01
Teardrops On My Guitar,Taylor Swift,2008,4,4,25.75,0,2008-04-01
Teardrops On My Guitar,Taylor Swift,2008,5,3,45.0,0,2008-05-01
Tell Me Why,Elvis Presley With The Jordanaires,1966,1,5,51.2,0,1966-01-01
Tell Me Why,Elvis Presley With The Jordanaires,1966,2,2,41.0,0,1966-02-01
That's Someone You Never Forget,Elvis Presley With The Jordanaires,1967,5,1,92.0,0,1967-05-01
The 1,Taylor Swift,2020,8,4,36.0,0,2020-08-01
The 1,Taylor Swift,2020,9,2,88.5,0,2020-09-01
The Archer,Taylor Swift,2019,8,2,74.0,0,2019-08-01
The Archer,Taylor Swift,2019,9,1,38.0,0,2019-09-01
The Elvis Medley,Elvis Presley,1982,11,1,84.0,0,1982-11-01
The Elvis Medley,Elvis Presley,1982,12,4,72.75,0,1982-12-01
The Elvis Medley,Elvis Presley,1983,1,2,81.5,0,1983-01-01
The Greatest Gift Of All,Kenny Rogers & Dolly Parton,1984,12,2,83.0,1,1984-12-01
The Greatest Gift Of All,Kenny Rogers & Dolly Parton,1985,1,2,81.0,1,1985-01-01
The House Of The Rising Sun,Dolly Parton,1981,9,2,82.0,1,1981-09-01
The House Of The Rising Sun,Dolly Parton,1981,10,2,86.0,1,1981-10-01
The House That Jack Built,Aretha Franklin,1968,8,3,33.333333333333336,0,1968-08-01
The House That Jack Built,Aretha Franklin,1968,9,4,8.75,0,1968-09-01
The House That Jack Built,Aretha Franklin,1968,10,2,22.5,0,1968-10-01
The Last Great American Dynasty,Taylor Swift,2020,8,2,39.5,0,2020-08-01
The Man,Taylor Swift,2019,9,3,60.0,0,2019-09-01
The Man,Taylor Swift,2020,3,2,88.5,0,2020-03-01
The Man,Taylor Swift,2020,4,3,88.66666666666667,0,2020-04-01
The Moment I Knew,Taylor Swift,2013,1,1,64.0,0,2013-01-01
The Only Flame In Town,Elvis Costello & The Atrractions,1984,7,1,83.0,0,1984-07-01
The Only Flame In Town,Elvis Costello & The Atrractions,1984,8,4,64.0,0,1984-08-01
The Only Flame In Town,Elvis Costello & The Atrractions,1984,9,4,81.5,0,1984-09-01
The Other Side Of The Door,Taylor Swift,2009,11,2,58.5,0,2009-11-01
The Power Of Good-Bye,Madonna,1998,10,3,18.0,0,1998-10-01
The Power Of Good-Bye,Madonna,1998,11,4,12.75,0,1998-11-01
The Power Of Good-Bye,Madonna,1998,12,4,33.0,0,1998-12-01
The Power Of Good-Bye,Madonna,1999,1,5,57.8,0,1999-01-01
The Power Of Good-Bye,Madonna,1999,2,3,88.33333333333333,0,1999-02-01
The Story Of Us,Taylor Swift,2010,11,1,41.0,0,2010-11-01
The Story Of Us,Taylor Swift,2011,5,1,98.0,0,2011-05-01
The Story Of Us,Taylor Swift,2011,6,4,75.75,0,2011-06-01
The Story Of Us,Taylor Swift,2011,7,5,71.6,0,2011-07-01
The Story Of Us,Taylor Swift,2011,8,1,97.0,0,2011-08-01
The Way I Loved You,Taylor Swift,2008,11,1,72.0,0,2008-11-01
The Way I Loved You (Taylor's Version),Taylor Swift,2021,4,1,94.0,0,2021-04-01
The Weight,Aretha Franklin,1969,2,1,52.0,0,1969-02-01
The Weight,Aretha Franklin,1969,3,5,23.6,0,1969-03-01
The Weight,Aretha Franklin,1969,4,1,32.0,0,1969-04-01
The Wonder Of You/Mama Liked The Roses,Elvis Presley,1970,5,3,45.0,0,1970-05-01
The Wonder Of You/Mama Liked The Roses,Elvis Presley,1970,6,4,17.0,0,1970-06-01
The Wonder Of You/Mama Liked The Roses,Elvis Presley,1970,7,4,12.0,0,1970-07-01
The Wonder Of You/Mama Liked The Roses,Elvis Presley,1970,8,1,24.0,0,1970-08-01
There's Always Me,Elvis Presley With The Jordanaires,1967,8,1,90.0,0,1967-08-01
There's Always Me,Elvis Presley With The Jordanaires,1967,9,5,61.2,0,1967-09-01
They Remind Me Too Much Of You,Elvis Presley With The Mello Men,1963,2,1,74.0,0,1963-02-01
They Remind Me Too Much Of You,Elvis Presley With The Mello Men,1963,3,3,60.0,0,1963-03-01
Think,Aretha Franklin,1968,5,2,41.5,0,1968-05-01
Think,Aretha Franklin,1968,6,5,8.8,0,1968-06-01
Think,Aretha Franklin,1968,7,3,19.666666666666668,0,1968-07-01
This Is Me Trying,Taylor Swift,2020,8,1,39.0,0,2020-08-01
This Used To Be My Playground,Madonna,1992,7,4,15.25,0,1992-07-01
This Used To Be My Playground,Madonna,1992,8,5,2.6,0,1992-08-01
This Used To Be My Playground,Madonna,1992,9,4,13.25,0,1992-09-01
This Used To Be My Playground,Madonna,1992,10,5,51.2,0,1992-10-01
This Used To Be My Playground,Madonna,1992,11,2,80.5,0,1992-11-01
Through The Storm,Aretha Franklin & Elton John,1989,4,3,45.0,0,1989-04-01
Through The Storm,Aretha Franklin & Elton John,1989,5,4,23.0,0,1989-05-01
Through The Storm,Aretha Franklin & Elton John,1989,6,4,48.25,0,1989-06-01
Tickle Me,Elvis Presley With The Jordanaires,1965,7,4,88.25,0,1965-07-01
Tickle Me,Elvis Presley With The Jordanaires,1965,8,3,75.0,0,1965-08-01
Tim McGraw,Taylor Swift,2006,9,2,86.5,0,2006-09-01
Tim McGraw,Taylor Swift,2006,10,4,70.5,0,2006-10-01
Tim McGraw,Taylor Swift,2006,11,4,52.5,0,2006-11-01
Tim McGraw,Taylor Swift,2006,12,5,45.6,0,2006-12-01
Tim McGraw,Taylor Swift,2007,1,4,42.75,0,2007-01-01
Tim McGraw,Taylor Swift,2007,2,1,43.0,0,2007-02-01
Today Was A Fairytale,Taylor Swift,2010,2,4,23.25,0,2010-02-01
Today Was A Fairytale,Taylor Swift,2010,3,4,28.75,0,2010-03-01
Today Was A Fairytale,Taylor Swift,2010,4,4,37.5,0,2010-04-01
Today Was A Fairytale,Taylor Swift,2010,5,5,76.6,0,2010-05-01
Today Was A Fairytale,Taylor Swift,2010,6,1,97.0,0,2010-06-01
Tolerate It,Taylor Swift,2020,12,1,45.0,0,2020-12-01
Tracks Of My Tears,Aretha Franklin,1969,3,3,87.33333333333333,0,1969-03-01
Tracks Of My Tears,Aretha Franklin,1969,4,3,74.66666666666667,0,1969-04-01
Trouble In Mind,Aretha Franklin,1962,12,3,90.66666666666667,0,1962-12-01
Trouble In Mind,Aretha Franklin,1963,1,2,89.5,0,1963-01-01
True Blue,Madonna,1986,10,4,26.25,0,1986-10-01
True Blue,Madonna,1986,11,5,4.0,0,1986-11-01
True Blue,Madonna,1986,12,4,32.5,0,1986-12-01
True Blue,Madonna,1987,1,3,73.0,0,1987-01-01
Try A Little Tenderness,Aretha Franklin,1962,9,1,100.0,0,1962-09-01
Two Doors Down,Dolly Parton,1978,3,2,61.5,1,1978-03-01
Two Doors Down,Dolly Parton,1978,4,5,32.4,1,1978-04-01
Two Doors Down,Dolly Parton,1978,5,4,23.5,1,1978-05-01
Two Doors Down,Dolly Parton,1978,6,1,93.0,1,1978-06-01
Two Is Better Than One,Boys Like Girls Featuring Taylor Swift,2009,9,1,92.0,0,2009-09-01
Two Is Better Than One,Boys Like Girls Featuring Taylor Swift,2009,11,3,63.666666666666664,0,2009-11-01
Two Is Better Than One,Boys Like Girls Featuring Taylor Swift,2009,12,4,33.25,0,2009-12-01
Two Is Better Than One,Boys Like Girls Featuring Taylor Swift,2010,1,5,21.6,0,2010-01-01
Two Is Better Than One,Boys Like Girls Featuring Taylor Swift,2010,2,4,21.5,0,2010-02-01
Two Is Better Than One,Boys Like Girls Featuring Taylor Swift,2010,3,4,35.25,0,2010-03-01
U.S. Male,Elvis Presley With The Jordanaires,1968,3,2,69.0,0,1968-03-01
U.S. Male,Elvis Presley With The Jordanaires,1968,4,4,38.25,0,1968-04-01
U.S. Male,Elvis Presley With The Jordanaires,1968,5,3,33.333333333333336,0,1968-05-01
United Together,Aretha Franklin,1980,12,1,81.0,0,1980-12-01
United Together,Aretha Franklin,1981,1,5,64.4,0,1981-01-01
United Together,Aretha Franklin,1981,2,2,80.0,0,1981-02-01
Until It's Time For You To Go,Elvis Presley,1972,1,1,80.0,0,1972-01-01
Until It's Time For You To Go,Elvis Presley,1972,2,4,52.5,0,1972-02-01
Until It's Time For You To Go,Elvis Presley,1972,3,4,47.0,0,1972-03-01
Until You Come Back To Me (That's What I'm Gonna Do),Aretha Franklin,1973,11,1,98.0,0,1973-11-01
Until You Come Back To Me (That's What I'm Gonna Do),Aretha Franklin,1973,12,5,38.8,0,1973-12-01
Until You Come Back To Me (That's What I'm Gonna Do),Aretha Franklin,1974,1,4,14.75,0,1974-01-01
Until You Come Back To Me (That's What I'm Gonna Do),Aretha Franklin,1974,2,4,5.0,0,1974-02-01
Until You Come Back To Me (That's What I'm Gonna Do),Aretha Franklin,1974,3,5,19.0,0,1974-03-01
Until You Come Back To Me (That's What I'm Gonna Do),Aretha Franklin,1974,4,2,42.5,0,1974-04-01
Untouchable,Taylor Swift,2009,11,2,44.0,0,2009-11-01
Veronica,Elvis Costello,1989,4,2,69.5,0,1989-04-01
Veronica,Elvis Costello,1989,5,4,46.0,0,1989-05-01
Veronica,Elvis Costello,1989,6,4,23.75,0,1989-06-01
Veronica,Elvis Costello,1989,7,4,64.0,0,1989-07-01
Viva Las Vegas,Elvis Presley,1964,7,1,92.0,0,1964-07-01
Viva Las Vegas,Elvis Presley With The Jordanaires,1964,5,4,55.0,0,1964-05-01
Viva Las Vegas,Elvis Presley With The Jordanaires,1964,6,3,34.0,0,1964-06-01
Vogue,Madonna,1990,4,3,26.333333333333332,0,1990-04-01
Vogue,Madonna,1990,5,4,2.0,0,1990-05-01
Vogue,Madonna,1990,6,5,5.6,0,1990-06-01
Vogue,Madonna,1990,7,4,29.0,0,1990-07-01
Vogue,Madonna,1990,8,4,55.75,0,1990-08-01
Vogue,Madonna,1990,9,4,77.5,0,1990-09-01
Way Down,Elvis Presley,1977,6,1,70.0,0,1977-06-01
Way Down,Elvis Presley,1977,7,5,40.8,0,1977-07-01
Way Down,Elvis Presley,1977,8,4,40.5,0,1977-08-01
Way Down,Elvis Presley,1977,9,4,24.5,0,1977-09-01
Way Down,Elvis Presley,1977,10,5,32.4,0,1977-10-01
Way Down,Elvis Presley,1977,11,2,78.5,0,1977-11-01
We Are Never Ever Getting Back Together,Taylor Swift,2012,8,1,72.0,0,2012-08-01
We Are Never Ever Getting Back Together,Taylor Swift,2012,9,5,1.4,0,2012-09-01
We Are Never Ever Getting Back Together,Taylor Swift,2012,10,4,4.5,0,2012-10-01
We Are Never Ever Getting Back Together,Taylor Swift,2012,11,4,6.75,0,2012-11-01
We Are Never Ever Getting Back Together,Taylor Swift,2012,12,5,17.4,0,2012-12-01
We Are Never Ever Getting Back Together,Taylor Swift,2013,1,4,27.5,0,2013-01-01
We Are Never Ever Getting Back Together,Taylor Swift,2013,2,1,46.0,0,2013-02-01
Welcome To New York,Taylor Swift,2014,11,2,58.5,0,2014-11-01
What It Feels Like For A Girl,Madonna,2001,5,4,41.25,0,2001-05-01
What It Feels Like For A Girl,Madonna,2001,6,5,49.4,0,2001-06-01
What It Feels Like For A Girl,Madonna,2001,7,1,97.0,0,2001-07-01
What'd I Say,Elvis Presley With The Jubilee Four And Carole Lombard Quartet,1964,5,2,39.5,0,1964-05-01
What'd I Say,Elvis Presley With The Jubilee Four And Carole Lombard Quartet,1964,6,4,25.25,0,1964-06-01
When I Get Where I'm Going,Brad Paisley Featuring Dolly Parton,2005,12,5,73.4,1,2005-12-01
When I Get Where I'm Going,Brad Paisley Featuring Dolly Parton,2006,1,4,65.0,1,2006-01-01
When I Get Where I'm Going,Brad Paisley Featuring Dolly Parton,2006,2,4,47.75,1,2006-02-01
When I Get Where I'm Going,Brad Paisley Featuring Dolly Parton,2006,3,4,42.0,1,2006-03-01
When I Get Where I'm Going,Brad Paisley Featuring Dolly Parton,2006,4,3,58.666666666666664,1,2006-04-01
"Where Did They Go, Lord/Rags To Riches",Elvis Presley,1971,3,3,48.333333333333336,0,1971-03-01
"Where Did They Go, Lord/Rags To Riches",Elvis Presley,1971,4,4,42.25,0,1971-04-01
Where Do You Come From,Elvis Presley With The Jordanaires,1962,10,1,99.0,0,1962-10-01
White Horse,Taylor Swift,2008,11,1,13.0,0,2008-11-01
White Horse,Taylor Swift,2008,12,4,51.5,0,2008-12-01
White Horse,Taylor Swift,2009,1,5,39.8,0,2009-01-01
White Horse,Taylor Swift,2009,2,4,38.0,0,2009-02-01
White Horse,Taylor Swift,2009,3,4,31.0,0,2009-03-01
White Horse,Taylor Swift,2009,4,4,36.75,0,2009-04-01
Who's That Girl,Madonna,1987,7,3,34.0,0,1987-07-01
Who's That Girl,Madonna,1987,8,5,4.6,0,1987-08-01
Who's That Girl,Madonna,1987,9,4,16.5,0,1987-09-01
Who's That Girl,Madonna,1987,10,4,67.75,0,1987-10-01
Who's Zoomin' Who,Aretha Franklin,1985,9,1,51.0,0,1985-09-01
Who's Zoomin' Who,Aretha Franklin,1985,10,4,32.25,0,1985-10-01
Who's Zoomin' Who,Aretha Franklin,1985,11,5,12.8,0,1985-11-01
Who's Zoomin' Who,Aretha Franklin,1985,12,4,17.75,0,1985-12-01
Who's Zoomin' Who,Aretha Franklin,1986,1,4,51.75,0,1986-01-01
Who's Zoomin' Who,Aretha Franklin,1986,2,1,83.0,0,1986-02-01
Wholy Holy,Aretha Franklin With James Cleveland & The Southern California Community Choir,1972,8,2,82.5,0,1972-08-01
Wholy Holy,Aretha Franklin With James Cleveland & The Southern California Community Choir,1972,9,2,81.5,0,1972-09-01
Wild In The Country,Elvis Presley With The Jordanaires,1961,6,4,43.5,0,1961-06-01
Wild In The Country,Elvis Presley With The Jordanaires,1961,7,1,54.0,0,1961-07-01
Wildest Dreams,Taylor Swift,2014,11,1,76.0,0,2014-11-01
Wildest Dreams,Taylor Swift,2015,9,2,13.5,0,2015-09-01
Wildest Dreams,Taylor Swift,2015,10,5,9.2,0,2015-10-01
Wildest Dreams,Taylor Swift,2015,11,4,7.0,0,2015-11-01
Wildest Dreams,Taylor Swift,2015,12,4,13.5,0,2015-12-01
Wildest Dreams,Taylor Swift,2016,1,5,22.4,0,2016-01-01
Wildest Dreams,Taylor Swift,2016,2,4,35.25,0,2016-02-01
Wildest Dreams,Taylor Swift,2016,3,2,46.0,0,2016-03-01
Wildest Dreams (Taylor's Version),Taylor Swift,2021,10,1,37.0,0,2021-10-01
Willing To Forgive,Aretha Franklin,1994,5,3,79.66666666666667,0,1994-05-01
Willing To Forgive,Aretha Franklin,1994,6,4,53.75,0,1994-06-01
Willing To Forgive,Aretha Franklin,1994,7,5,30.4,0,1994-07-01
Willing To Forgive,Aretha Franklin,1994,8,4,40.0,0,1994-08-01
Willing To Forgive,Aretha Franklin,1994,9,4,71.75,0,1994-09-01
Willow,Taylor Swift,2020,12,1,1.0,0,2020-12-01
Willow,Taylor Swift,2021,1,5,28.0,0,2021-01-01
Willow,Taylor Swift,2021,2,4,27.75,0,2021-02-01
Willow,Taylor Swift,2021,3,4,35.5,0,2021-03-01
Willow,Taylor Swift,2021,4,4,57.75,0,2021-04-01
Willow,Taylor Swift,2021,5,2,60.5,0,2021-05-01
Witchcraft,Elvis Presley With The Jordanaires,1963,10,2,64.5,0,1963-10-01
Witchcraft,Elvis Presley With The Jordanaires,1963,11,5,39.0,0,1963-11-01
Without Love,Aretha Franklin,1974,11,3,65.66666666666667,0,1974-11-01
Without Love,Aretha Franklin,1974,12,4,47.25,0,1974-12-01
Without Love,Aretha Franklin,1975,1,1,53.0,0,1975-01-01
Won't Be Long,Aretha Franklin With The Ray Bryant Combo,1961,2,1,95.0,0,1961-02-01
Won't Be Long,Aretha Franklin With The Ray Bryant Combo,1961,3,2,79.5,0,1961-03-01
Wonderland,Taylor Swift,2015,3,1,51.0,0,2015-03-01
You All Over Me (Taylor's Version) (From The Vault),Taylor Swift Featuring Maren Morris,2021,4,2,61.5,0,2021-04-01
You Are In Love,Taylor Swift,2015,3,1,83.0,0,2015-03-01
You Belong With Me,Taylor Swift,2008,11,1,12.0,0,2008-11-01
You Belong With Me,Taylor Swift,2009,5,3,61.0,0,2009-05-01
You Belong With Me,Taylor Swift,2009,6,4,34.5,0,2009-06-01
You Belong With Me,Taylor Swift,2009,7,4,10.5,0,2009-07-01
You Belong With Me,Taylor Swift,2009,8,5,3.2,0,2009-08-01
You Belong With Me,Taylor Swift,2009,9,4,5.25,0,2009-09-01
You Belong With Me,Taylor Swift,2009,10,5,7.0,0,2009-10-01
You Belong With Me,Taylor Swift,2009,11,4,13.0,0,2009-11-01
You Belong With Me,Taylor Swift,2009,12,4,18.25,0,2009-12-01
You Belong With Me,Taylor Swift,2010,1,5,19.2,0,2010-01-01
You Belong With Me,Taylor Swift,2010,2,4,27.25,0,2010-02-01
You Belong With Me,Taylor Swift,2010,3,4,35.75,0,2010-03-01
You Belong With Me,Taylor Swift,2010,4,3,46.666666666666664,0,2010-04-01
You Belong With Me (Taylor's Version),Taylor Swift,2021,4,1,75.0,0,2021-04-01
You Don't Have To Say You Love Me/Patch It Up,Elvis Presley,1970,10,2,61.5,0,1970-10-01
You Don't Have To Say You Love Me/Patch It Up,Elvis Presley,1970,11,4,22.75,0,1970-11-01
You Don't Have To Say You Love Me/Patch It Up,Elvis Presley,1970,12,4,20.25,0,1970-12-01
You Don't Know Me,Elvis Presley With The Jordanaires,1967,10,3,69.0,0,1967-10-01
You Don't Know Me,Elvis Presley With The Jordanaires,1967,11,3,44.666666666666664,0,1967-11-01
"You Must Love Me (From ""Evita"")",Madonna,1996,11,3,19.333333333333332,0,1996-11-01
"You Must Love Me (From ""Evita"")",Madonna,1996,12,4,25.75,0,1996-12-01
"You Must Love Me (From ""Evita"")",Madonna,1997,1,4,25.5,0,1997-01-01
"You Must Love Me (From ""Evita"")",Madonna,1997,2,4,37.5,0,1997-02-01
"You Must Love Me (From ""Evita"")",Madonna,1997,3,5,66.8,0,1997-03-01
You Need To Calm Down,Taylor Swift,2019,6,1,2.0,0,2019-06-01
You Need To Calm Down,Taylor Swift,2019,7,4,14.25,0,2019-07-01
You Need To Calm Down,Taylor Swift,2019,8,5,16.2,0,2019-08-01
You Need To Calm Down,Taylor Swift,2019,9,4,15.25,0,2019-09-01
You Need To Calm Down,Taylor Swift,2019,10,4,27.75,0,2019-10-01
You Need To Calm Down,Taylor Swift,2019,11,3,45.0,0,2019-11-01
You Send Me,Aretha Franklin,1968,6,3,68.33333333333333,0,1968-06-01
You Send Me,Aretha Franklin,1968,7,3,61.333333333333336,0,1968-07-01
You'll Never Walk Alone,Elvis Presley With The Jordanaires,1968,4,2,90.0,0,1968-04-01
You'll See,Madonna,1995,12,4,8.5,0,1995-12-01
You'll See,Madonna,1996,1,4,10.25,0,1996-01-01
You'll See,Madonna,1996,2,4,17.75,0,1996-02-01
You'll See,Madonna,1996,3,5,45.4,0,1996-03-01
You'll See,Madonna,1996,4,3,68.33333333333333,0,1996-04-01
You're All I Need To Get By,Aretha Franklin,1971,2,2,68.5,0,1971-02-01
You're All I Need To Get By,Aretha Franklin,1971,3,4,29.0,0,1971-03-01
You're All I Need To Get By,Aretha Franklin,1971,4,3,26.333333333333332,0,1971-04-01
You're Not Sorry,Taylor Swift,2008,11,2,23.0,0,2008-11-01
You're Not Sorry,Taylor Swift,2009,3,2,53.5,0,2009-03-01
You're Not Sorry,Taylor Swift,2009,4,1,95.0,0,2009-04-01
You're The Only One,Dolly Parton,1979,6,1,82.0,1,1979-06-01
You're The Only One,Dolly Parton,1979,7,4,65.75,1,1979-07-01
You're The Only One,Dolly Parton,1979,8,1,100.0,1,1979-08-01
"Your Time Hasn't Come Yet, Baby",Elvis Presley With The Jordanaires,1968,6,2,88.5,0,1968-06-01
"Your Time Hasn't Come Yet, Baby",Elvis Presley With The Jordanaires,1968,7,4,74.5,0,1968-07-01
"Your Time Hasn't Come Yet, Baby",Elvis Presley With The Jordanaires,1968,8,1,72.0,0,1968-08-01
