Title,Artists,Writers,Album,Year
5 to 9,,,Non-album single,2021
9 to 5,,,9 to 5 and Odd Jobs,1980
9 to 5,,,9 to 5,1980
9 to 5,,,Live and Well,2004
9 to 5,,,"Singer, Songwriter & Legendary Performer",2007
9 to 5,,,9 to 5 and Odd Jobs,2009
9 to 5,,,Live from London,2009
9 to 5,,,Live from Glastonbury 2014,2016
9 to 5,Amber Davies;Ashford Campbell;Caroline Sheen;Natalie McQueen;Original London Cast,,"9 to 5: The Musical, (Live West End Cast Recording)",2020
9 to 5 to 9,Sabyn Mayfield,Sabyn Mayfield,Halfway There,2021
19th Amendment (A Woman's Right),,,27: The Most Perfect Album,2018
A Better Place to Live,,,Coat of Many Colors,1971
A Bridge Across,Mark O'Connor;The Nashville Symphony,Tom McBryde,This Is My America,2008
A Christmas to Remember,Kenny Rogers,,Once Upon a Christmas,1984
A Cowboy's Ways,,,Burlap & Satin,1983
A Few Old Memories,,Hazel Dickens,The Grass Is Blue,1999
A Fool Like Me,Porter Wagoner,Linda Carol Moore,"Just Between You and Me: The Complete Recordings, 1967–1976",2014
A Friend Like You,,,I Believe in You,2017
A Gamble Either Way,,,Burlap & Satin,1983
A Good Understanding,Porter Wagoner,,Once More,1970
A Habit I Can't Break,,Bill Owens,As Long as I Love,1970
A Lil' Ole Bitty Pissant Country Place,Teresa Merritt,Carol Hall,The Best Little Whorehouse in Texas,1982
A Little at a Time,,,Touch Your Woman,1972
A Lot of You Left in Me,,,Touch Your Woman,1972
A Smoky Mountain Christmas,,,A Smoky Mountain Christmas,1986
A Smoky Mountain Christmas,,,Sweet Mountain Christmas,2019
A Tender Lie,,Randy Sharp,Little Sparrow,2001
A Tender Lie,,Randy Sharp,Love Always: Live from Texas,2009
A Vision of Mother,Ricky Skaggs,Carter Stanley;Ralph Stanley,Don't Cheat in Our Hometown,1983
"About Susanne, About Your Man",,,"Just Between You and Me: The Complete Recordings, 1967–1976",2014
Act Like a Fool,,,Heartbreak Express,1982
Afraid to Live and Afraid of Dying,,Porter Wagoner,Bubbling Over,1973
Afraid to Love Again,Porter Wagoner,Jerry Chesnut;Theresa Beaty,Just the Two of Us,1968
After the Gold Rush,,Neil Young,Treasures,1996
After the Gold Rush,Emmylou Harris;Linda Ronstadt,Neil Young,Trio II,1999
After the Gold Rush,,Neil Young,Live and Well,2004
Again,Porter Wagoner,Porter Wagoner,Say Forever You'll Be Mine,1975
Alabama Sundown,,Danny Morrison;Dave Kirby,Bubbling Over,1973
All I Can Do,,,All I Can Do,1976
All I Can Do,Mary Kay Place,,"Tonite! At the Capri Lounge, Loretta Haggers",1976
All I Can Do,,,Live at the Boarding House,2006
All I Can Do,,,Live at the Bottom Line,2015
All I Need Is You,Porter Wagoner,Betty Jean Robinson,Two of a Kind,1971
All I Want for Christmas Is You,Jimmy Fallon,Mariah Carey;Walter Afanasieff,A Holly Dolly Christmas,2020
All Wrapped Up in You,,,A Smoky Mountain Christmas,1986
Almost in Love,,Dean Parks;Doug Thiele,Great Balls of Fire,1979
"Always, Always",Porter Wagoner,Joyce McCord,"Always, Always",1969
Always the First Time,,Joyce McCord,In the Good Old Days (When Times Were Bad),1969
Amazing Grace,,John Newton,Precious Memories,1999
Amazing Grace,,John Newton,Blue Valley Songbird,1999
Angel Band,,Jefferson Hascall;William B. Bradbury,Blue Valley Songbird,1999
Angel Hill,Alyvia Alyn Lind,,Dolly Parton's Coat of Many Colors,2015
Angels and Eagles,Kim McLean,Devon O'Day;Kim McLean,Happy Face,2004
Angels in the Midst,,,Blue Smoke,2014
Another Woman's Man,,,Jolene,2007
Anyplace You Want to Go,Porter Wagoner,Porter Wagoner,Together Always,1972
Anything's Better Than Nothing,Porter Wagoner,Marie Wilson,"Always, Always",1969
Appalachian Memories,,,Burlap & Satin,1983
Appalachian Memories,Brad Hudson,,Next New Heartbreak,2017
Applejack,,,New Harvest...First Gathering,1977
Applejack,,,Heartsong,1994
Applejack,,,Heartsongs: Live from Home,1994
Applejack,,,Live and Well,2004
Applejack,,,Live at the Boarding House,2006
Applejack,Pam Gadd,,Benefit of Doubt,2009
Applejack,,,Live at the Bottom Line,2015
Applejack,Linda Feller,,35 Jahre: Das Jubiläumsalbum,2020
Are You Tired of Me,Emmylou Harris;Linda Ronstadt,A.P. Carter,The Complete Trio Collection,2016
As Long as I Love,,,As Long as I Love,1970
As Much as Always,,,Heartbreak Express,1982
As Soon as I Touched Him,,Ken Hirsch;Norma Helms,Here You Come Again,1977
Baby Come Out Tonight,,Kat McCord,Here You Come Again,1977
Baby I'm Burnin',,,Heartbreaker,1978
Baby I'm Burnin',,,Dance with Dolly,1978
Baby I'm Burnin',,,"Singer, Songwriter & Legendary Performer",2007
Baby I'm Burnin',,,Live from Glastonbury 2014,2016
Baby Blues,Julianne Hough,,Dolly Parton's Heartstrings,2019
Baby Sister,,Shirl Milete,Just Because I'm a Woman,1968
"Baby, It's Cold Outside",Rod Stewart,Frank Loesser,"Stardust: The Great American Songbook, Volume III",2004
Back Home,,,My Tennessee Mountain Home,1973
Backwoods Barbie,,,Backwoods Barbie,2008
Backwoods Barbie,,,Live from London,2009
Ballad of the Green Beret,,Barry Sadler;Robert Moore,For God and Country,2003
Banks of the Ohio,,,Blue Smoke,2014
Banks of the Ohio,,,Live from Glastonbury 2014,2016
Barbara Allen,,,Heartsongs: Live from Home,1994
Barbara on Your Mind,,,Heartbreak Express,1982
Barbara on Your Mind,,,Jolene,2007
Be There,Sylvester Stallone,,Rhinestone,1984
Because I Love You,,,Dolly,1975
Because One of Us Was Wrong,Porter Wagoner,Bill Owens,Just Between You and Me,1968
Before I Met You,Porter Wagoner,Charles L. Seitz;Elmer Rader;Joe Lewis,Just Between You and Me,1968
Before Our Weakness Gets Too Strong,Porter Wagoner,Louis Owens,Once More,1970
Before the Next Teardrop Falls,,Ben Peters;Vivian Keith,Treasures,1996
Before You Make Up Your Mind,,Bill Owens,The Fairest of Them All,1970
Behind Closed Doors,,Kenny O'Dell,Treasures,1996
Beneath the Sweet Magnolia Tree,Porter Wagoner,,Porter & Dolly,1980
Beneath the Sweet Magnolia Tree,Christie Lynn;Porter Wagoner,,"Christie Lynn Sings Country, Gospel & Bluegrass",2006
Beneath the Sweet Magnolia Tree,Porter Wagoner,,"Just Between You and Me: The Complete Recordings, 1967–1976",2014
Berry Pie,,,Backwoods Barbie: Collector's Edition,2009
Best Woman Wins,Lorrie Morgan,,Eagle When She Flies,1991
Better Day,,,Better Day,2011
Better Get to Livin',,Kent Wells,Backwoods Barbie,2008
Better Get to Livin',,Kent Wells,Live from London,2009
Better Move It on Home,Porter Wagoner,Ray Griff,The Best of Porter Wagoner & Dolly Parton,1971
Between Us,Porter Wagoner,,We Found It,1973
Big Dreams and Faded Jeans,,,"Run, Rose, Run",2022
Big T,Ray Benson,,Wild Texas Wind,1991
Big Wind,,Alex Zanetis;George McCormick;Wayne P. Walker,My Blue Ridge Mountain Boy,1969
Billy Dale,Asleep at the Wheel,,Tribute to the Music of Bob Wills and the Texas Playboys,1993
Black Draught Theme,,,Heartsongs: Live from Home,1994
"Blackie, Kentucky",,,Love Is Like a Butterfly,1974
Blowin' in the Wind,Nickel Creek,Bob Dylan,Those Were the Days,2005
Blue Bonnet Breeze,,,"Run, Rose, Run",2022
Blue Grace,,,Straight Talk,1992
Blue Me,,,Straight Talk,1992
Blue Smoke,,,Blue Smoke,2014
Blue Smoke,,,Live from Glastonbury 2014,2016
Blue Valley Songbird,,,Hungry Again,1998
Blue Valley Songbird,,,Blue Valley Songbird,1999
"Bluegrass, White Snow",Patty Loveless;Ricky Skaggs,Emory Gordy Jr.;Patty Loveless,Bluegrass & White Snow: A Mountain Christmas,2002
Bluer Pastures,,,Little Sparrow,2001
Bobby's Arms,,,Dolly,1975
Book of Life,,Jake R. Owens,The Golden Streets of Glory,1971
Boots and Sand,Paul McCartney;Yusuf Islam,Yusuf Islam,Roadsinger,2009
Born Again Wildflower,Debbie Cochran,Debbie Cochran,Born Again Wildflower,2017
Both Sides Now,Judy Collins;Rhonda Vincent,Joni Mitchell,Those Were the Days,2005
Boulder to Birmingham,,Bill Danoff;Emmylou Harris,All I Can Do,1976
Brave Little Soldier,,,Heartsongs: Live from Home,1994
Brave Little Soldier,,,For God and Country,2003
Brave Little Soldier,,,I Believe in You,2017
Bubbling Over,,,Bubbling Over,1973
Burning,Les Taylor,,Straight Talk,1992
Burning the Midnight Oil,Porter Wagoner,Porter Wagoner,The Right Combination • Burning the Midnight Oil,1972
Burning to Burned,,,Straight Talk,1992
Busy Signal,,Ray Stevens,Single A-side,1966
But You Know I Love You,,Mike Settle,9 to 5 and Odd Jobs,1980
But You Loved Me Then,,,The Fairest of Them All,1970
Butterflies,,,Rhinestone,1984
Calling My Children Home,Emmylou Harris;Linda Ronstadt,Charles Waller;Doyle Lawson;Robert Yates,The Complete Trio Collection,2016
Calm on the Water,,,Burlap & Satin,1983
Can't Be That Wrong,,,Pure & Simple,2016
Carolina Moonshiner,Porter Wagoner,,"Just Between You and Me: The Complete Recordings, 1967–1976",2014
Cas Walker Theme,,Bud Brewster;Willie G. Brewster,Heartsongs: Live from Home,1994
Cash on the Barrelhead,,Charlie Louvin;Ira Louvin,The Grass Is Blue,1999
Celebrate the Dreamer,,,Dream More: Celebrate the Dreamer in You,2012
Change,,,Something Special,1995
Change It,The Cast of 9 to 5: The Musical,,Non-album single,2009
Chas,,,The Fairest of Them All,1970
Chemo Hero,,,I Believe in You,2017
Chet's Tune (Part 2),Some More of Chet's Friends,Cy Coben,"""Chet's Tune"" B-side",1972
Chicken Every Sunday,,Betty Craig;Charlie Craig,Joshua,1971
Christina,Porter Wagoner,,Together Always,1972
Christmas Is,Miley Cyrus,,A Holly Dolly Christmas,2020
Christmas on the Square,,,A Holly Dolly Christmas,2020
Christmas State of Mind,,,Sweet Mountain Christmas,2019
Christmas Time's a Comin',,Tex Logan,"Christmas Grass, Vol. 2",2004
Christmas Where We Are,Billy Ray Cyrus,Barry Jobe;Jada Roberts,A Holly Dolly Christmas,2020
Christmas Without You,Kenny Rogers,Steve Goldstein,Once Upon a Christmas,1984
Church in the Wildwood,,William S. Pitts,Precious Memories,1999
Circle Game,Kathie Lee,Joni Mitchell,Born for You,2000
Circle of Friends,Alison Krauss;Charlie Louvin,,If Only in a Song,2006
Circle of Love,,,Dolly Parton's Christmas of Many Colors: Circle of Love,2016
Circle of Love,,,A Holly Dolly Christmas,2020
Closer by the Hour,Porter Wagoner,Al Gore,Just the Two of Us,1968
Coat of Many Colors,,,Coat of Many Colors,1971
Coat of Many Colors,,,In Concert with Host Charley Pride,1975
Coat of Many Colors,,,Great Moments at the Grand Ole Opry,1976
Coat of Many Colors,,,Heartsongs: Live from Home,1994
Coat of Many Colors,Alison Krauss & Union Station;Shania Twain,,Just Because I'm a Woman: Songs of Dolly Parton,2003
Coat of Many Colors,,,Live and Well,2004
Coat of Many Colors,,,Live at the Boarding House,2006
Coat of Many Colors,,,"Singer, Songwriter & Legendary Performer",2007
Coat of Many Colors,,,Love Always: Live from Texas,2009
Coat of Many Colors,,,Live from London,2009
Coat of Many Colors,,,A Real Live Dolly,2009
Coat of Many Colors,,,Dream More: Celebrate the Dreamer in You,2012
Coat of Many Colors,,,Dolly Parton's Coat of Many Colors,2015
Coat of Many Colors,,,Live at the Bottom Line,2015
Coat of Many Colors,,,Live from Glastonbury 2014,2016
Coat of Many Colors,,,I Believe in You,2017
Coke and Chips,Mary Kay Place,Paul Grady,"Tonite! At the Capri Lounge, Loretta Haggers",1976
Cold,Darrell Webb,,Behind the Scenes,2005
Cologne,,,Backwoods Barbie,2008
Color Me America,,,For God and Country,2003
Come Back to Me,,,Real Love,1985
Come to Me,Porter Wagoner,,Love and Music,1973
Come to Me,Porter Wagoner,,"Just Between You and Me: The Complete Recordings, 1967–1976",2014
Comes and Goes,,Porter Wagoner,"My Favorite Songwriter, Porter Wagoner",1972
Comin' for to Carry Me Home,,,Single A-side,1971
Comin' Home for Christmas,,Kent Wells,A Holly Dolly Christmas,2020
Control Yourself,,Ben Peters,"""Don't Drop Out"" B-side",1966
Cora Is Gone,Herb Pedersen,Odell McLeod,Sandman,1977
Corner of the World,Andy Landis,,Stranger,1993
Could I Have Your Autograph,,,Rainbow,1987
Country Is as Country Does,,Mac Davis,Better Day,2011
Country Memories,,,A Smoky Mountain Christmas,1986
Country Road,,Gary Scruggs,Eagle When She Flies,1991
Cowgirl & the Dandy,,Bobby Goldsboro,Here You Come Again,1977
Cracker Jack,,,Jolene,2007
Creepin' In,Norah Jones,Lee Alexander,Feels Like Home,2004
Crimson and Clover,Tommy James,Peter P. Lucia Jr.;Tommy James,Those Were the Days,2005
Crippled Bird,,,Something Special,1995
Cross My Heart,,Frank Dycus;Rachel Dennison;Randy Parton,Slow Dancing with the Moon,1993
"Cry, Cry Darlin'",,J.D. Miller;Jimmy C. Newman,Big Mon: The Songs of Bill Monroe,2000
"Cuddle Up, Cozy Down Christmas",Michael Bublé,,A Holly Dolly Christmas,2020
Curse of the Wild Weed Flower,Porter Wagoner,Louis Owens,Two of a Kind,1971
D-I-V-O-R-C-E,,Bobby Braddock;Curly Putman,In the Good Old Days (When Times Were Bad),1969
Daddy,,,My Blue Ridge Mountain Boy,1969
Daddy Come and Get Me,,Dorothy Jo Hope,The Fairest of Them All,1970
Daddy Come and Get Me,,Dorothy Jo Hope,A Real Live Dolly,2009
Daddy Did His Best,Porter Wagoner,Jerry Chesnut,Porter & Dolly,1980
Daddy Did His Best,Porter Wagoner,Jerry Chesnut,"Just Between You and Me: The Complete Recordings, 1967–1976",2014
Daddy Was an Old Time Preacher Man,Porter Wagoner,Dorothy Jo Hope,Once More,1970
Daddy Was an Old Time Preacher Man,Porter Wagoner,Dorothy Jo Hope,"Just Between You and Me: The Complete Recordings, 1967–1976",2014
Daddy Won't Come Home Anymore,,,As Long as I Love,1970
Daddy's Moonshine Still,,,Joshua,1971
Daddy's Old Fiddle,The Charlie Daniels Band,,Deuces,2007
Daddy's Working Boots,,,My Tennessee Mountain Home,1973
Dagger Through the Heart,,,Halos & Horns,2002
Dagger Through the Heart,,,Live and Well,2004
Dark as a Dungeon,,Merle Travis,9 to 5 and Odd Jobs,1980
"Dark Night, Bright Future",,,"Run, Rose, Run",2022
Deck the Halls,,Thomas Oliphant,Home for Christmas: The Radio Special,1990
Demons,Ben Haggard,,"Run, Rose, Run",2022
Deportee (Plane Wreck at Los Gatos),,Martin Hoffman;Woody Guthrie,9 to 5 and Odd Jobs,1980
Detroit City,,Danny Dill;Mel Tillis,9 to 5 and Odd Jobs,1980
Dirty Job,,,Straight Talk,1992
Dixie Darling,Arlo Guthrie,A.P. Carter,Banjoman: A Tribute to Derroll Adams,2002
Do I Ever Cross Your Mind,Chet Atkins,,The Best of Chet Atkins & Friends,1976
Do I Ever Cross Your Mind,,,Heartbreak Express,1982
Do I Ever Cross Your Mind,,,Think About Love,1986
Do I Ever Cross Your Mind,Randy Travis,,Heroes & Friends,1990
Do I Ever Cross Your Mind,Emmylou Harris,,Trio II,1999
Do I Ever Cross Your Mind,,,Live at the Boarding House,2006
Do I Ever Cross Your Mind,,,Live from London,2009
Do I Ever Cross Your Mind,,,Live at the Bottom Line,2015
Do I Ever Cross Your Mind,Emmylou Harris;Linda Ronstadt,,The Complete Trio Collection,2016
Do I Love You (Yes in Every Way),Paul Anka,Alain Joseph Yves Le Govic;Maxime Piolot;Michel Albert Louis Pelay;Paul Anka;Yves Dessca,Duets,2013
Do You Hear the Robbins Sing,,Porter Wagoner,"My Favorite Songwriter, Porter Wagoner",1972
Do You Know,Jessica Simpson,,Do You Know,2008
Do You Think That Time Stands Still,,,Great Balls of Fire,1979
Does He Love You,Reba McEntire,Billy Stritch;Sandy Knox,Revived Remixed Revisited,2021
Don't Call It Love,,Dean Pitchford;Tom Snow,Real Love,1985
Don't Drop Out,,Bobby Russell;James Cason,Single A-side,1966
Don't Let It Trouble Your Mind,,,In the Good Old Days (When Times Were Bad),1969
Don't Let Me Cross Over,,Penny Jay,Treasures,1996
Don't Step Over an Old Love,Ricky Skaggs,Fred Stryker,Don't Cheat in Our Hometown,1983
Don't Think Twice,,Bob Dylan,Blue Smoke,2014
Down,,,Great Balls of Fire,1979
Down from Dover,,,The Fairest of Them All,1970
Down from Dover,,,Little Sparrow,2001
Down on Music Row,,,My Tennessee Mountain Home,1973
Downtown,,Tony Hatch,The Great Pretender,1984
Dr. Robert F. Thomas,,,My Tennessee Mountain Home,1973
Dreaming My Dreams with You,Alison Krauss;Lyle Lovett,Allen Reynolds,Forget About It,1999
Dreams Do Come True,,Bill Owens,Eagle When She Flies,1991
Dreams Do Come True,Bill Owens,Bill Owens,Dreams Do Come True,
Drifting Too Far from the Shore,Porter Wagoner,Charles E. Moody,Best of Grand Old Gospel 2008,2007
Driven,,,"Run, Rose, Run",2022
Drives Me Crazy,,David Steele;Roland Gift,Backwoods Barbie,2008
Dumb Blonde,,Curly Putman,"Hello, I'm Dolly",1967
Dumb Blonde,,Curly Putman,A Real Live Dolly,1970
Dumb Blonde,Miranda Lambert,Curly Putman,Dumplin',2018
Dump the Dude,,Allan Rich;Steve Dorff,Rainbow,1987
Each Season Changes You,Porter Wagoner,Ruth Talley,Porter Wayne and Dolly Rebecca,1970
Eager to Please,,,First Dog,2010
Eagle When She Flies,,,Eagle When She Flies,1991
Eagle When She Flies,José Feliciano,,Behind This Guitar,2021
Early Morning Breeze,,,Coat of Many Colors,1971
Early Morning Breeze,,,Jolene,1974
Early Morning Breeze,,,Blue Smoke,2014
Elusive Butterfly,,Bob Lind,The Great Pretender,1984
Endless Stream of Tears,,,The Grass Is Blue,1999
Entr'acte,Amber Davies;Bonnie Langford;Brian Conley;Caroline Sheen;Natalie McQueen;Original London Cast,,"9 to 5: The Musical, (Live West End Cast Recording)",2020
"Eugene, Oregon",,,Dolly,2009
Evangeline,Emmylou Harris;Linda Ronstadt,Robbie Robertson,Evangeline,1981
Even a Fool Would Let Go,,Kerry Chater;Tom Snow,"Dolly, Dolly, Dolly",1980
Even Cowgirls Get the Blues,Emmylou Harris;Linda Ronstadt,Rodney Crowell,Blue Kentucky Girl,1979
Evening Shade,,,My Blue Ridge Mountain Boy,1969
Everyday Hero,,Blaise Tosti;Robert O'Hearn,Rainbow,1987
Everyday People,,Sly Stone,9 to 5 and Odd Jobs,2009
Everyone But Me and You,Mac Davis,Mac Davis,Will Write Songs for Food,1994
Everything's Beautiful (In Its Own Way),Willie Nelson,,The Winning Hand,1982
Everything's Beautiful (In Its Own Way),,,Everything's Beautiful,1988
Everything's Beautiful (In Its Own Way),,,Dolly,2009
Faith,Galantis;Mr Probz,Christian Karlsson;David Saint Fleur;Henrik Jonback;Jimmy Koitzsch;John Hiatt;Linus Eklöw;Sam James,Church,2019
Falling Out of Love with Me,,,All I Can Do,1976
Falling Out of Love with Me,Pinmonkey,,Pinmonkey,2002
False Eyelashes,,Bob Tubert;Demetris Tapp,Just Because I'm a Woman,1968
Family,,Carl Perkins,Eagle When She Flies,1991
Family of Friends,,,First Dog,2010
Farther Along,Emmylou Harris;Linda Ronstadt,Emmylou Harris;John Starling,Trio,1987
Farther Along,,,Wild Texas Wind,1991
Farther Along,,,Precious Memories,1999
Farther Along,Emmylou Harris;Linda Ronstadt,Emmylou Harris;John Starling,The Complete Trio Collection,2016
Feels Like Home,Emmylou Harris,Randy Newman,Trio II,1999
Fight and Scratch,Porter Wagoner,,Once More,1970
Firecracker,,,"Run, Rose, Run",2022
First Noel,,The Mighty Fine Band,Home for Christmas,1990
Fish Out of Water,,,Straight Talk,1992
Fisherman's Song,,Judy Collins,Born to the Breed: A Tribute to Judy Collins,2008
Fool for Your Love,,Leo Sayer;Michael Omartian,"Dolly, Dolly, Dolly",1980
For the Good Times,,Kris Kristofferson,Treasures,1996
Forbidden Love,Bill Owens,Bill Owens,"""So Little I Wanted, So Little I Got"" B-side",1960
Forever,Angela Grovey;DeQuina Moore,Andre Merritt;Brian Kennedy;Chris Brown;Jamal Jones;Rob Allen,Joyful Noise,2012
Forever Country,Artists of Then;Now & Forever,Bill Danoff;John Denver;Taffy Nivert;Willie Nelson,Non-album single,2016
Forever Home,,,Sha-Kon-O-Hey! Land of Blue Smoke,2009
Forever Love,,,Pure & Simple,2016
Forty Miles from Poplar Bluff,Porter Wagoner,Frank Dycus,Porter Wayne and Dolly Rebecca,1970
Four O Thirty Three,Porter Wagoner,Bill Owens;Earl Montgomery,Just Between You and Me,1968
Fresh Out of Forgiveness,,Bill Owens;Gene Gill,In the Good Old Days (When Times Were Bad),1969
Friends Tell Friends,Bill Phillips,Bill Owens,Bill Phillips' Style,1967
From Here to the Moon and Back,Jeremy Jordan;Kris Kristofferson,,Joyful Noise,2012
From Here to the Moon and Back,Willie Nelson,,To All the Girls...,2013
Fuel to the Flame,,Bill Owens,"Hello, I'm Dolly",1967
Full Circle,,,Slow Dancing with the Moon,1993
Games People Play,,Joe South,My Blue Ridge Mountain Boy,1969
"Gee Ma, I Wanna Go Home",,,For God and Country,2003
Get Out and Stay Out,,,Better Day,2011
"Get Up, Get Out, Get On",,,Blue Smoke,2014
Gettin' Happy,,,Love Is Like a Butterfly,1974
Getting in My Way,,,New Harvest...First Gathering,1977
Getting in My Way,,,Live at the Boarding House,2006
Getting in My Way,,,Live at the Bottom Line,2015
Girl in the Movies,,Linda Perry,Dumplin',2018
Girl Left Alone,,Bill Owens;Dorothy Jo Hope,"""Puppy Love"" B-side",1959
Girl on Fire,,Alicia Keys;Billy Squier;Jeff Bhasker;Salaam Remi,Live from Glastonbury 2014,2016
Go Tell It on the Mountain,,John Wesley Work Jr.;The Mighty Fine Band,Home for Christmas,1990
Go to Hell,,,For God and Country,2003
God Bless the U.S.A.,,Lee Greenwood,For God and Country,2003
God Only Knows,For King & Country,Joel Smallbone;Jordan Reynolds;Josh Kerr;Luke Smallbone;Tedd Tjornhom,Non-album single,2019
God Won't Get You,,,Rhinestone,1984
God's Coloring Book,,,Here You Come Again,1977
God's Coloring Book,,,Heartsong,1994
God's Coloring Book,Margo O'Donnell,,The Highway of My Life,1999
God's Coloring Book,Charley Pride,,Pride and Joy: A Gospel Music Collection,2006
God's Coloring Book,,,"Singer, Songwriter & Legendary Performer",2007
God's Coloring Book,,,Dolly,2009
Gold,Emmylou Harris;Vince Gill,Emmylou Harris,All I Intended to Be,2008
Gonna Hurry (As Slow as I Can),,Bill Owens,Dolly,2009
Good as Gold,Porter Wagoner,Paul Martin,"Always, Always",1969
Good as Gold,Porter Wagoner,Paul Martin,"Just Between You and Me: The Complete Recordings, 1967–1976",2014
Good Old Country Baptizin',Mary Kay Place,Brian Ahern,"Tonite! At the Capri Lounge, Loretta Haggers",1976
Good Time,,,Sha-Kon-O-Hey! Land of Blue Smoke,2009
Great Balls of Fire,,Jack Hammer;Otis Blackwell,Great Balls of Fire,1979
Great Balls of Fire,,Jack Hammer;Otis Blackwell,Live from Glastonbury 2014,2016
Green Pastures,Emmylou Harris;Ricky Skaggs,Brian Ahern,Roses in the Snow,1980
Green-Eyed Boy,,,Something Special,1995
Grey Funnel Line,Emmylou Harris;Linda Ronstadt,Cyril Tawney,The Complete Trio Collection,2016
"Gypsy, Joe and Me",,,My Blue Ridge Mountain Boy,1969
Hallelujah Holiday,,,Backwoods Barbie: Collector's Edition,2009
Halos and Horns,,,Halos & Horns,2002
Halos and Horns,,,Live and Well,2004
Hand Me Downs,Janelle Arthur,Emily Lynch;Janelle Arthur,Non-album single,2021
Handful of Dust,Emmylou Harris;Linda Ronstadt,Tony Arata,The Complete Trio Collection,2016
Happy All the Time,Sam Williams,Mary Gauthier;Sam Williams,Glasshouse Children,2021
"Happy, Happy Birthday Baby",,Gilbert Lopez;Margo Sylvia,Single A-side,1965
"Happy, Happy Birthday Baby",Willie Nelson,Gilbert Lopez;Margo Sylvia,The Winning Hand,1982
Hard Candy Christmas,,Carol Hall,The Best Little Whorehouse in Texas,1982
Hard Candy Christmas,,Carol Hall,Single A-side,1982
Harper Valley PTA,,Tom T. Hall,In the Good Old Days (When Times Were Bad),1969
He Left Me Love,,Porter Wagoner,"My Favorite Songwriter, Porter Wagoner",1972
He Rode All the Way to Texas,Emmylou Harris,John Starling,Trio II,1999
He Would Know,,,The Bargain Store,1975
He's a Go-Getter,,,In the Good Old Days (When Times Were Bad),1969
He's a Go-Getter,,,A Real Live Dolly,2009
He's Alive,,Don Francisco,White Limozeen,1989
He's Alive,,Don Francisco,Heartsong,1994
He's Everything,Andy Karl;DeQuina Moore;Jeremy Jordan;Keke Palmer;Queen Latifah,,Joyful Noise,2012
Head Over High Heels,,,Pure & Simple,2016
Healing Hands,Sonya Isaacs;Vince Gill,Keith Sewell;Sonya Isaacs,Sonya Isaacs,2000
Heart Door,Paula Cole,Paula Cole,Sweet November,2001
Heart of the Smokies,,,Sha-Kon-O-Hey! Land of Blue Smoke,2009
Heartbreak Express,,,Heartbreak Express,1982
Heartbreaker,,Carole Bayer Sager;David Wolfert,Heartbreaker,1978
Heartbreaker's Alibi,Rhonda Vincent,Honey Brassfield,All American Bluegrass Girl,2006
Heartsong,,,Heartsong,1994
Heartsong,,,Heartsongs: Live from Home,1994
Heaven's Just a Prayer Away,,Tommy Tomlinson,The Golden Streets of Glory,1971
Hello God,,,Halos & Horns,2002
Hello God,,,"Singer, Songwriter & Legendary Performer",2007
Help!,,John Lennon;Paul McCartney,Great Balls of Fire,1979
Her and the Car and the Mobile Home,Porter Wagoner,Dave Kirby;Don Stock,The Right Combination • Burning the Midnight Oil,1972
Here Comes the Freedom Train,Porter Wagoner,Steve Lemberg,Single A-side,1973
Here I Am,,,Coat of Many Colors,1971
Here I Am,Sia,,Dumplin',2018
Here You Come Again,,Barry Mann;Cynthia Weil,Here You Come Again,1977
Here You Come Again,,Barry Mann;Cynthia Weil,Live and Well,2004
Here You Come Again,,Barry Mann;Cynthia Weil,Live from London,2009
Here You Come Again,,Barry Mann;Cynthia Weil,Live from Glastonbury 2014,2016
Here You Come Again,Willa Amai,Barry Mann;Cynthia Weil,Dumplin',2018
Hey Howdy Hey,,,Sha-Kon-O-Hey! Land of Blue Smoke,2009
"Hey, Lucky Lady",,,All I Can Do,1976
Hide Me Away,Porter Wagoner,,Porter & Dolly,1980
Hide Me Away,Porter Wagoner,,"Just Between You and Me: The Complete Recordings, 1967–1976",2014
High and Mighty,The Christ Church Choir,,Slow Dancing with the Moon,1993
High and Mighty,Aaron Crisler,,In Good Hands,2003
High Sierra,Emmylou Harris,Harley Allen,Trio II,1999
Highlight of My Life,,,Jolene,1974
Highway Headin' South,,Porter Wagoner,Love Is Like a Butterfly,1974
Hillbilly Willy,,,As Long as I Love,1970
Hobo's Meditation,Emmylou Harris;Linda Ronstadt,Jimmie Rodgers,Trio,1987
Hold Fast to the Right,,James D. Vaughan,Heartsongs: Live from Home,1994
Hold Me,,,Dolly,1975
Holdin' on to You,,,New Harvest...First Gathering,1977
Holdin' on to You,,,Live at the Bottom Line,2015
Holdin' on to You,Elle King,,Dumplin',2018
Holding Everything,Kent Wells,,Better Day,2011
Holding on to Nothin',Porter Wagoner,Jerry Chesnut,Just the Two of Us,1968
Holly Jolly Christmas,,Johnny Marks,A Holly Dolly Christmas,2020
Hollywood Potters,,,Heartbreak Express,1982
Home,,,Blue Smoke,2014
Home for Pete's Sake,,Rudy Preston,My Blue Ridge Mountain Boy,1969
Home Is Where the Hurt Is,Porter Wagoner,Fred MacRae;Marge Barton,Just Between You and Me,1968
Honky Tonk Songs,,,Hungry Again,1998
How Can I (Help You Forgive Me),Porter Wagoner,Porter Wagoner;Tom Pick,Say Forever You'll Be Mine,1975
How Close They Must Be,Porter Wagoner,Porter Wagoner,We Found It,1973
How Does It Feel,,,New Harvest...First Gathering,1977
How Does It Feel,,,Live at the Boarding House,2006
How Does It Feel,,,Live at the Bottom Line,2015
How Great Thou Art,,Stuart K. Hine,A Real Live Dolly,1970
How Great Thou Art,,Stuart K. Hine,The Golden Streets of Glory,1971
Hungry Again,,,Hungry Again,1998
Hush-a-bye Hard Times,,,9 to 5 and Odd Jobs,1980
I Am a Rainbow,,,I Believe in You,2017
I Am Always Waiting,Porter Wagoner,Porter Wagoner,We Found It,1973
I Am Ready,,Rachel Parton Dennison,The Grass Is Blue,1999
I Am Strong,The Grascals,Jamie Johnson;Jenee Fleenor;Susanne Mumpower-Johnson,Country Classics with a Bluegrass Spin,2011
I Believe,,Al Stillman;Ervin Drake;Irvin Graham;Jimmy Shirl,The Golden Streets of Glory,1971
I Believe in Santa Claus,Kenny Rogers,,Once Upon a Christmas,1984
I Believe in You,,,I Believe in You,2017
I Can,Porter Wagoner,,Just the Two of Us,1968
I Can't Be True,,,Real Love,1985
"I Can't Help Myself (Sugar Pie, Honey Bunch)",,Brian Holland;Eddie Holland;Lamont Dozier,The Great Pretender,1984
"I Can't Help Myself (Sugar Pie, Honey Bunch)",,Brian Holland;Eddie Holland;Lamont Dozier,Think About Love,1986
I Couldn't Wait Forever,,Bill Owens,As Long as I Love,1970
I Don't Believe You've Met My Baby,Porter Wagoner,Autry Inman,"Always, Always",1969
I Don't Believe You've Met My Baby,,Autry Inman,Little Sparrow,2001
I Don't Believe You've Met My Baby,,Autry Inman,Love Always: Live from Texas,2009
I Don't Care,,,"""The Fall"" B-side",2021
I Don't Trust Me Around You,,Bill Owens,As Long as I Love,1970
I Don't Want to Throw Rice,,Bill Owens,"Hello, I'm Dolly",1967
I Don't Want You Around Me Anymore,,Bill Owens,As Long as I Love,1970
I Dreamed of a Hillbilly Heaven,Loretta Lynn;Tammy Wynette,Eddie Dean;Hal Southern,Honky Tonk Angels,1993
I Feel the Blues Movin' In,Emmylou Harris,Del McCoury,Trio II,1999
I Forgot More Than You'll Ever Know,Loretta Lynn;Tammy Wynette,Cecil Null,Honky Tonk Angels,1993
I Get a Kick Out of You,,Cole Porter,Little Sparrow,2001
I Get Lonesome by Myself,Porter Wagoner,,Love and Music,1973
I Have No Right to Care,Porter Wagoner,,Say Forever You'll Be Mine,1975
I Hope You're Never Happy,,,Real Love,1985
I Hope You're Never Happy,Billy Dean,,Blue Valley Songbird,1999
I Just Might,,,Better Day,2011
I Keep Intending to Tell You,,Harry Mills,Wanted,2010
I Know You by Heart,Smokey Robinson,Dean Pitchford;George Merrill;Shannon Rubicam,Rainbow,1987
I Knew You When,,Rupert Holmes,"Dolly, Dolly, Dolly",1980
I Know You're Married But I Love You Still,Porter Wagoner,Don Reno;Mack Magaha,Once More,1970
I Learned It Well,Porter Wagoner,Linda Carol Moore,"Just Between You and Me: The Complete Recordings, 1967–1976",2014
I Never Will Marry,Linda Ronstadt,Linda Ronstadt,Simple Dreams,1977
I Really Got the Feeling,,Billy Vera,Heartbreaker,1978
I Really Don't Want to Know,Willie Nelson,Don Robertson;Howard Barnes,Burlap & Satin,1983
I Remember,,,My Tennessee Mountain Home,1973
I Saw Mommy Kissing Santa Claus,,Tommie Connor,A Holly Dolly Christmas,2020
I Still Believe,,,A Holly Dolly Christmas,2020
I Still Lost You,,,Hungry Again,1998
I Still Miss Someone,,John R. Cash;Roy Cash Jr.,The Grass Is Blue,1999
I Still Miss Someone,Martina McBride,John R. Cash;Roy Cash Jr.,Timeless,2005
I Took Him for Granted,,Bill Owens,"""Busy Signal"" B-side",1966
I Walk the Line,,Johnny Cash,The Great Pretender,1984
I Wanna Fall in Love,,,Heartbreaker,1978
I Wanna Fall in Love,,,Dance with Dolly,1978
I Wanna Go Back There,,,Hungry Again,1998
I Want to Be What You Need,,,The Bargain Store,1975
I Washed My Face in the Morning Dew,Porter Wagoner,Tom T. Hall,Just the Two of Us,1968
I Wasted My Tears,,Bill Owens,"Hello, I'm Dolly",1967
I Will Always Love You,,,Jolene,1974
I Will Always Love You,,,The Best Little Whorehouse in Texas,1982
I Will Always Love You,,,Heartsong,1994
I Will Always Love You,Vince Gill,,Something Special,1995
I Will Always Love You,,,Live and Well,2004
I Will Always Love You,Jerry D,,Sax in the Country,2005
I Will Always Love You,,,Live at the Boarding House,2006
I Will Always Love You,,,"Singer, Songwriter & Legendary Performer",2007
I Will Always Love You,,,Backwoods Barbie,2008
I Will Always Love You,,,Love Always: Live from Texas,2009
I Will Always Love You,Stephanie J. Block,,This Place I Know,2009
I Will Always Love You,,,Live from London,2009
I Will Always Love You,Erinn Abu,,Forever in Love,2012
I Will Always Love You,Erinn Abu,,A New Creation,2012
I Will Always Love You,Lulu Roman,,At Last,2013
I Will Always Love You,,,Live at the Bottom Line,2015
I Will Always Love You,,,Live from Glastonbury 2014,2016
I Will Always Love You,Michael Bolton,,Songs of Cinema,2017
I Will Always Love You,Kristin Chenoweth,,For the Girls,2019
I Will Forever Hate Roses,,,Backwoods Barbie,2008
I Wish I Felt This Way at Home,,Harlan Howard,Just Because I'm a Woman,1968
I Wonder Where You Are Tonight,,Johnny Bond,The Grass Is Blue,1999
I Wound Easy,,Bill Owens,As Long as I Love,1970
I'd Like to Spend Christmas with Santa,,Bill Owens,A Smoky Mountain Christmas,1986
I'll Be Home for Christmas,,Kim Gannon;Walter Kent,Home for Christmas,1990
I'll Introduce You,Billy Earl;The Kinfolks,,Dolly Parton Presents Billy Earl and the Kinfolks,
I'll Keep Climbing,,Dorothy Jo Hope,The Golden Streets of Glory,1971
I'll Make Your Bed,,,Slow Dancing with the Moon,1993
I'll Never Forget,,,The Bargain Store,1975
I'll Never Say Goodbye,,,Hungry Again,1998
I'll Never Say Goodbye,Douglas Stevens;The Stevens Sisters,,Little by Little,2002
I'll Oilwells Love You,,Bill Owens,Just Because I'm a Woman,1968
I'll Put It Off Until Tomorrow,,Bill Owens,"""The Little Things"" B-side",1967
I'll Remember You as Mine,,,Dolly,1975
I'm a Drifter,,,All I Can Do,1976
I'm Doing This for Your Sake,,,The Fairest of Them All,1970
I'm Fed Up with You,,Bill Owens,My Blue Ridge Mountain Boy,1969
I'm Gone,,,Halos & Horns,2002
I'm Gone,,,Live and Well,2004
I'm Gonna Sleep with One Eye Open,,Lester Flatt,The Grass Is Blue,1999
I'm Gonna Miss You,,,For God and Country,2003
I'm Here,,,I Believe in You,2017
I'm in No Condition,,,"Hello, I'm Dolly",1967
I'm Not Worth the Tears,,,As Long as I Love,1970
I'm Running Out of Love,,Bill Owens,Just Because I'm a Woman,1968
I'm Sixteen,,,Pure & Simple,2016
I'm Thinking Tonight of My Blue Eyes,,,Heartsongs: Live from Home,1994
I'm Wasting Your Time and You're Wasting Mine,Porter Wagoner,,Porter Wayne and Dolly Rebecca,1970
I've Been Married (Just as Long as You Have),Porter Wagoner,Porter Wagoner,We Found It,1973
I've Been This Way Too Long,Porter Wagoner,,The Right Combination • Burning the Midnight Oil,1972
I've Had Enough,Emmylou Harris;Linda Ronstadt,Kate McGarrigle,Trio,1987
I've Had Enough,Emmylou Harris;Linda Ronstadt,Kate McGarrigle,The Complete Trio Collection,2016
I've Known You All My Life,,Carole King;Gerry Goffin,Dolly,2009
I've Lived My Life,,Lola Jean Dillon,"Hello, I'm Dolly",1967
If,,David Gates,Halos & Horns,2002
If,,David Gates,Live and Well,2004
If I Cross Your Mind,,Porter Wagoner,Love Is Like a Butterfly,1974
If I Had Wings,,,Blue Smoke,2014
If I Lose,Herb Pedersen;Howdy-Cracker Vocal Revue,Ralph Stanley,Sandman,1977
If I Lose My Mind,,Porter Wagoner,Coat of Many Colors,1971
If I Said You Had a Beautiful Body (Would You Hold It Against Me),The Bellamy Brothers,David Bellamy,"Angels & Outlaws, Vol. 1",2005
If I Were a Carpenter,Joe Nichols,James Timothy Hardin,Those Were the Days,2005
If It's All the Same to You,Bill Anderson,Bill Anderson,"The First 10 Years, 1956–1966",2011
If Only,,,Halos & Horns,2002
If We Don't,Alison Krauss;Rhonda Vincent,Linda Perry,Dumplin',2018
If You Ain't Got Love,,,The Beverly Hillbillies,1993
"If You Go, I'll Follow You",Porter Wagoner,Porter Wagoner,Porter & Dolly,1980
"If You Go, I'll Follow You",Porter Wagoner,Porter Wagoner,"Just Between You and Me: The Complete Recordings, 1967–1976",2014
If You Need Me,,,Eagle When She Flies,1991
If You Were Mine,Porter Wagoner,Randy Parton,Say Forever You'll Be Mine,1975
If You Say I Can,Porter Wagoner,,"""Is Forever Longer Than Always"" B-side",1976
If You Say I Can,Porter Wagoner,,Porter & Dolly,1980
Imagination,,,I Believe in You,2017
In a Deep Sleep,Emmylou Harris;Linda Ronstadt,Triona Ni Dhomhnaill,The Complete Trio Collection,2016
In Each Love Some Pain Must Fall,Porter Wagoner,,The Right Combination • Burning the Midnight Oil,1972
In the Garden,,C. Austin Miles,Precious Memories,1999
In the Garden by the Fountain,Rhonda Vincent,Roger Brown,Taken,2010
In the Ghetto,,Mac Davis,My Blue Ridge Mountain Boy,1969
In the Good Old Days (When Times Were Bad),,,In the Good Old Days (When Times Were Bad),1969
In the Good Old Days (When Times Were Bad),,,My Tennessee Mountain Home,1973
In the Meantime,,,Better Day,2011
In the Morning,,,"Just Between You and Me: The Complete Recordings, 1967–1976",2014
In the Pines,,,Heartsongs: Live from Home,1994
In the Presence of You,Porter Wagoner,Porter Wagoner,Love and Music,1973
In the Sweet By-and-By,,Joseph P. Webster;S. Fillmore Bennett,Precious Memories,1999
In the Sweet By-and-By,,Joseph P. Webster;S. Fillmore Bennett,Little Sparrow,2001
In the Sweet By-and-By,Bradley Walker;Carl Jackson;Jerry Salley;Larry Cordle,Joseph P. Webster;S. Fillmore Bennett,Country Faith Bluegrass,2021
Imagine,David Foster,John Lennon,Those Were the Days,2005
Is Forever Longer Than Always,Porter Wagoner,Frank Dycus;Porter Wagoner,Single A-side,1976
Is It Real,Porter Wagoner,,Two of a Kind,1971
Islands in the Stream,Kenny Rogers,Barry Gibb;Maurice Gibb;Robin Gibb,Eyes That See in the Dark,1983
Islands in the Stream,,Barry Gibb;Maurice Gibb;Robin Gibb,Live and Well,2004
Islands in the Stream,Richard Dennison,Barry Gibb;Maurice Gibb;Robin Gibb,Live from London,2009
Islands in the Stream,Richard Dennison,Barry Gibb;Maurice Gibb;Robin Gibb,Live from Glastonbury 2014,2016
It Ain't Fair That It Ain't Right,,Bob Eggers;Janice Eggers,Joshua,1971
It Looked Good on Paper,Randy Kohrs,Carl Jackson;Pam Tillis,I'm Torn,2004
It Might as Well Be Me,Porter Wagoner,Dorothy Jo Hope,Porter Wayne and Dolly Rebecca,1970
It Must Be You,,Blaise Tosti,Jolene,1974
It Wasn't God Who Made Honky Tonk Angels,,J.D. Miller,Hits Made Famous by Country Queens,1963
It Wasn't God Who Made Honky Tonk Angels,Kitty Wells;Loretta Lynn;Tammy Wynette,J.D. Miller,Honky Tonk Angels,1993
"It's All Wrong, But It's All Right",,,Here You Come Again,1977
It's My Time,,John D. Loudermilk,In the Good Old Days (When Times Were Bad),1969
It's Not My Affair Anymore,,Jeanne French,Great Balls of Fire,1979
It's Such a Heartache,,Even Stevens;Hillary Kanter,Real Love,1985
It's Sure Gonna Hurt,The Merry Melody Singers,Bill Owens,Single A-side,1962
It's Too Late,,Ron Davies,Unsung Hero: A Tribute to the Music of Ron Davies,2013
It's Too Late to Love Me Now,,Gene Dobbins;Johnny Wilson;Rory Bourke,Heartbreaker,1978
J.J. Sneed,,Dorothy Jo Hope,Joshua,1971
J.J. Sneed,,Dorothy Jo Hope,Dolly Parton's Heartstrings,2019
Jealous Heart,,,Burlap & Satin,1983
Jeannie's Afraid of the Dark,Porter Wagoner,,Just the Two of Us,1968
Jeannie's Afraid of the Dark,Porter Wagoner,,A Real Live Dolly,1970
Jesus & Gravity,,Betsy Ulmer;Craig Wiseman,Backwoods Barbie,2008
Jesus & Gravity,,Betsy Ulmer;Craig Wiseman,Live from London,2009
Jingle Bells,,James Lord Pierpont;The Mighty Fine Band,Home for Christmas,1990
John Daniel,,,Halos & Horns,2002
Jolene,,,Jolene,1974
Jolene,,,In Concert with Host Charley Pride,1975
Jolene,,,Something Special,1995
Jolene,Mindy Smith,,One Moment More,2004
Jolene,,,Live and Well,2004
Jolene,,,Live at the Boarding House,2006
Jolene,,,Great Ladies of the Opry,2006
Jolene,,,"Singer, Songwriter & Legendary Performer",2007
Jolene,,,Live from London,2009
Jolene,Straight No Chaser,,Under the Influence,2013
Jolene,,,Live at the Bottom Line,2015
Jolene,Mary Sarah,,Bridges,2014
Jolene,,,The Blacklist,2015
Jolene,,,Live from Glastonbury 2014,2016
Jolene,Pentatonix,,"PTX, Vol. IV - Classics",2017
Jolene,,,Dumplin',2018
Jolene,,,Dolly Parton's Heartstrings,2019
Joshua,,,Joshua,1971
Joy to the World,,Isaac Watts;The Mighty Fine Band,Home for Christmas,1990
Just as Good as Gone,,,Coat of Many Colors,2007
Just Because I'm a Woman,,,Just Because I'm a Woman,1968
Just Because I'm a Woman,,,Just Because I'm a Woman: Songs of Dolly Parton,2003
Just Because I'm a Woman,,,A Real Live Dolly,2009
Just Between You and Me,Porter Wagoner,Jack Clement,Just Between You and Me,1968
Just Leaving,,,Better Day,2011
Just Someone I Used to Know,Porter Wagoner,Jack Clement,Porter Wayne and Dolly Rebecca,1970
Just the Two of Us,Porter Wagoner,Jerry Chesnut,Just the Two of Us,1968
Just the Way I Am,,,The Fairest of Them All,1970
Just When I Needed You Most,,Randy VanWarmer,Treasures,1996
Keep on the Firing Line,,Bessie F. Hatcher,Precious Memories,1999
Kentucky Gambler,,,The Bargain Store,1975
King of the Road,Alison Krauss;Bill Anderson;Brenda Lee;Dean Miller;Dwight Yoakam;Emmylou Harris;Eric Church;Flatt Lonesome;Glen Phillips;Jamey Johnson;Kris Kristofferson;Lily Meola;Mandy Barnett;Merle Haggard;Radney Foster;Randy Travis;Ronnie Dunn;Shawn Camp;Willie Nelson,Roger Miller,King of the Road: A Tribute to Roger Miller,2018
Kiss It (And Make It All Better),,,Pure & Simple,2016
Knockin' on Heaven's Door,Ladysmith Black Mambazo,Bob Dylan,Heavenly,1997
Last Night's Lovin',,,Jolene,2007
Laugh the Years Away,Porter Wagoner,Howard Tuck,Love and Music,1973
Lay Your Hands on Me,,Jon Bon Jovi;Richie Sambora,Blue Smoke,2014
Lay Your Hands on Me,Richie Sambora,Jon Bon Jovi;Richie Sambora,Live from Glastonbury 2014,2016
Leave That Cowboy Alone,Ray Benson,Ray Benson,Wild Texas Wind,1991
Leave That Cowboy Alone,Ray Benson,Ray Benson,Beyond Time,2003
Let Her Fly,Loretta Lynn;Tammy Wynette,,Honky Tonk Angels,1993
Let Love Grow,,,Better Day,2011
Let's Live for Tonight,Porter Wagoner,Don Reno,Once More,1970
Letter to Heaven,,David Kleiber,Hits Made Famous by Country Queens,1963
Letter to Heaven,,,Joshua,1971
Life Rides the Train,Porter Wagoner,Porter Wagoner,Say Forever You'll Be Mine,1975
Life's Like Poetry,,Merle Haggard,All I Can Do,1976
Light of a Clear Blue Morning,,,New Harvest...First Gathering,1977
Light of a Clear Blue Morning,,,Straight Talk,1992
Light of a Clear Blue Morning,,,For God and Country,2003
Light of a Clear Blue Morning,,,Live at the Boarding House,2006
Light of a Clear Blue Morning,,,Live at the Bottom Line,2015
Light of the Stable,Emmylou Harris;Linda Ronstadt;Neil Young,Elizabeth Rhymer;Steven Rhymer,Light of the Stable,1979
Listen to the Mockingbird,Stuart Duncan,Richard Milburn;Septimus Winner,Divided & United: The Songs of the Civil War,2013
Little Bird,,,In the Good Old Days (When Times Were Bad),1969
Little Bit Slow to Catch On,,Curly Putman,Just Because I'm a Woman,1968
Little Blossom,,David Kleiber,Hits Made Famous by Country Queens,1963
Little David's Harp,Porter Wagoner,,Porter & Dolly,1980
Little David's Harp,Porter Wagoner,,"Just Between You and Me: The Complete Recordings, 1967–1976",2014
Little Rosewood Casket,,,On Top of Old Smoky: New Old-Time Smoky Mountain Music,2016
Little Sparrow,,,Little Sparrow,2001
Little Sparrow,,,Live and Well,2004
Little Sparrow,,,"Singer, Songwriter & Legendary Performer",2007
Little Sparrow,,,Love Always: Live from Texas,2009
Little Sparrow,,,Live from London,2009
Livin' a Lie,,,Straight Talk,1992
Living on Memories of You,,,Jolene,1974
Loneliness Found Me,,Porter Wagoner,Touch Your Woman,1972
Lonely Comin' Down,,Porter Wagoner,"My Favorite Songwriter, Porter Wagoner",1972
Longer Than Always,,,Heartsongs: Live from Home,1994
Look on the Bright Side,,,A Smoky Mountain Christmas,1986
Looking Down,Porter Wagoner,Porter Wagoner,Together Always,1972
Lord Hold My Hand,,Ginny Dean,The Golden Streets of Glory,1971
Lost and Found,Joe Nichols,,"Run, Rose, Run",2022
Lost Forever in Your Kiss,Porter Wagoner,,Together Always,1972
Love and Forgiveness,,,Dolly Parton's Christmas of Many Colors: Circle of Love,2016
Love and Learn,,Bill Owens,Just Because I'm a Woman,1968
Love and Music,Porter Wagoner,Carl Butler,Love and Music,1973
Love City,Porter Wagoner,Porter Wagoner;Tom Pick,We Found It,1973
Love Have Mercy on Us,Porter Wagoner,,We Found It,1973
Love Is Here to Stay,Michael Feinstein,George Gershwin;Ira Gershwin,Gershwin Country,2022
Love Is Like a Butterfly,,,Love Is Like a Butterfly,1974
Love Is Like a Butterfly,,,In Concert with Host Charley Pride,1975
Love Is Like a Butterfly,,,Heartsong,1994
Love Is Like a Butterfly,,,Live at the Bottom Line,2015
Love Is Like a Butterfly,Deana Carter,,The Chain,2007
Love Is Only as Strong (As Your Weakest Moment),,Bill Owens,Touch Your Woman,1972
Love Is Out Tonight,Porter Wagoner,Porter Wagoner;Tom Pick,Love and Music,1973
Love Is Strange,Kenny Rogers,Ellas McDaniel;Mickey Baker;Sylvia Robinson,Love Is Strange,1990
Love Is Worth Living,Porter Wagoner,,Just Between You and Me,1968
Love Isn't Free,,,Touch Your Woman,1972
Love or Lust,Richard Dennison,,"Run, Rose, Run",2022
Love to Remember,,,The Bargain Store,1975
Love to See Us Through,Porter Wagoner,Al Gore;Frank Dycus,Say Forever You'll Be Mine,1975
Love with Feeling,,Porter Wagoner,"""The Seeker"" B-side",1975
Love with Me,,,Bubbling Over,1973
"Love, You're So Beautiful Tonight",,Porter Wagoner,Bubbling Over,1973
Love's All Over,Porter Wagoner,Porter Wagoner,Together Always,1972
Lover du Jour,,,Blue Smoke,2014
Lover's Return,Emmylou Harris,A.P. Carter;Maybelle Carter;Sara Carter,Trio II,1999
Lover's Return,Emmylou Harris,A.P. Carter;Maybelle Carter;Sara Carter,The Complete Trio Collection,2016
Lovesick Blues,Loretta Lynn;Patsy Cline;Tammy Wynette,Cliff Friend;Irving Mills,Honky Tonk Angels,1993
Lovin' You,,John Sebastian,Here You Come Again,1977
Lovin' You,,,Pure & Simple,2016
Loving You Too Well,Ralph Stanley,Carter Stanley,Clinch Mountain Sweethearts,2001
Made for Loving You,Curly Putman,Curly Putman;Sonny Throckmorton,Write 'Em Sad–Sing 'Em Lonesome,2010
Made of Stone,,,Backwoods Barbie,2008
Malena,Porter Wagoner,,"Always, Always",1969
Make Love Work,,Eric Kaz,Rainbow,1987
Makin' Fun Ain't Funny,,,Promotional single,2016
Makin' Fun Ain't Funny,,,I Believe in You,2017
Making Believe,,Jimmy Work,Hits Made Famous by Country Queens,1963
Making Plans,Porter Wagoner,Johnny Russell;Voni Morrison,Porter & Dolly,1980
Making Plans,Emmylou Harris;Linda Ronstadt,Johnny Russell;Voni Morrison,Trio,1987
Making Plans,Johnny Russell,Johnny Russell;Voni Morrison,Actin' Naturally,2000
Making Plans,Porter Wagoner,Johnny Russell;Voni Morrison,"Just Between You and Me: The Complete Recordings, 1967–1976",2014
Making Plans,Emmylou Harris;Linda Ronstadt,Johnny Russell;Voni Morrison,The Complete Trio Collection,2016
Mama,,,Pure & Simple,2016
Mama Say a Prayer,,,In the Good Old Days (When Times Were Bad),1969
Mammie,,,The Fairest of Them All,1970
Marry Me,,,Little Sparrow,2001
Marry Me,,,Live and Well,2004
Marry Me,,,Love Always: Live from Texas,2009
"Mary, Did You Know?",,Buddy Greene;Mark Lowry,A Holly Dolly Christmas,2020
Mary of the Wild Moor,,,Heartsongs: Live from Home,1994
Mathilda (I Cry and Cry for You),John Henry III,George Khoury;Huey Thierry,Single A-side,1970
Me and Bobby McGee,Kris Kristofferson,Fred Foster;Kris Kristofferson,Those Were the Days,2005
Me and Little Andy,,,Here You Come Again,1977
Me and Little Andy,,,Live at the Boarding House,2006
Me and Little Andy,,,Live at the Bottom Line,2015
Mendy Never Sleeps,Porter Wagoner,,Porter Wayne and Dolly Rebecca,1970
"Milwaukee, Here I Come",Porter Wagoner,Lee Fikes,"Always, Always",1969
Mine,,,In the Good Old Days (When Times Were Bad),1969
Miss You–Miss Me,,,Blue Smoke,2014
Mission Chapel Memories,,Porter Wagoner,Touch Your Woman,1972
Mister Sandman,Emmylou Harris;Linda Ronstadt,Pat Ballard,Evangeline,1981
"Mommie, Ain't That Daddy",Porter Wagoner,,Just Between You and Me,1968
More Power to Ya,Stella Parton,Stella Parton,Mountain Songbird,2016
More Than I Can Say,,,Rainbow,1987
More Than Their Share,,,The Fairest of Them All,1970
More Than Words Can Tell,Porter Wagoner,Porter Wagoner,The Right Combination • Burning the Midnight Oil,1972
More Where That Came From,,,Slow Dancing with the Moon,1993
Most of All Why,,,Dolly,1975
Most of All Why,Holly Dunn,,The Blue Rose of Texas,1989
Mother Church,Porter Wagoner,,Pure Gold,1991
Mountain Angel,,,Little Sparrow,2001
Mountain Angel,,,Live and Well,2004
Mountain Angel,,,Love Always: Live from Texas,2009
Mountain Magic,,,A Smoky Mountain Christmas,1986
Mud Song,,,Live from Glastonbury 2014,2016
Mule Skinner Blues (Blue Yodel No. 8),,George Vaughn;Jimmie Rodgers,The Best of Dolly Parton,1970
My Blue Ridge Mountain Boy,,,My Blue Ridge Mountain Boy,1969
My Blue Ridge Mountain Boy,,,A Real Live Dolly,1970
My Blue Ridge Mountain Boy,,,Heartbreak Express,1982
My Blue Tears,,,Coat of Many Colors,1971
My Blue Tears,Emmylou Harris;Linda Ronstadt,,Get Closer,1982
My Blue Tears,,,Heartsongs: Live from Home,1994
My Blue Tears,,,Blue Valley Songbird,1999
My Blue Tears,,,Little Sparrow,2001
My Blue Tears,,,Coat of Many Colors,2007
My Blue Tears,Emmylou Harris;Linda Ronstadt,,The Complete Trio Collection,2016
My Country 'Tis,,Samuel Francis Smith,For God and Country,2003
My Dear Companion,Emmylou Harris;Linda Ronstadt,Jean Ritchie,Trio,1987
My Dear Companion,Emmylou Harris;Linda Ronstadt,Jean Ritchie,The Complete Trio Collection,2016
My Eyes Can Only See You,,,Love Is Like a Butterfly,1974
My Father's Daughter,Jewel,Jewel Kilcher;Lisa Carver,Picking Up the Pieces,2015
My Girl (My Love),,Ronald White;William Robinson,New Harvest...First Gathering,1977
My Hands Are Tied,Porter Wagoner,,"Always, Always",1969
My Heart Started Breaking,,,Dolly,1975
My Heart Started Breaking,,,Coat of Many Colors,2007
My Kind of Man,,,Bubbling Over,1973
"My Mountains, My Home",,,Sha-Kon-O-Hey! Land of Blue Smoke,2009
My Perfect Reason,Bill Anderson,Bill Anderson;Clint Daniels,Whisperin' Bluegrass,2007
My Tennessee Hills,Janis Ian,Janis Ian,Billie's Bones,2004
My Tennessee Mountain Home,,,My Tennessee Mountain Home,1973
My Tennessee Mountain Home,,,Heartsongs: Live from Home,1994
My Tennessee Mountain Home,,,Live and Well,2004
My Tennessee Mountain Home,,,Live at the Boarding House,2006
My Tennessee Mountain Home,,,Rare Country Legends Live,2009
My Tennessee Mountain Home,,,An Evening with Dolly,2012
My Tennessee Mountain Home,,,Live at the Bottom Line,2015
Never Not Love You,,,Pure & Simple,2016
Nickels and Dimes,,Floyd Parton,Heartbreaker,1978
Nickels and Dimes,,Floyd Parton,Dolly Parton's Christmas of Many Colors: Circle of Love,2016
Night Train to Memphis,,Beasley Smith;Marvin Huges;Owen Bradley,Heartsongs: Live from Home,1994
No Good Way of Saying Good-bye,,,Something Special,1995
No Love Left,Porter Wagoner,Bill Owens,Porter Wayne and Dolly Rebecca,1970
No Reason to Hurry Home,Porter Wagoner,,"Always, Always",1969
Nobody But You,The Merry Melody Singers,Marle Jones;Robert Stanley Riley Sr.,Dolly,2009
Not Enough,Queen Latifah,,Joyful Noise,2012
Not for Me,,,Halos & Horns,2002
Not from My World,,Arthur Thomas,Wanted,2010
O Little Town of Bethlehem,,Lewis Redner;Phillips Brooks;The Mighty Fine Band,Home for Christmas,1990
"Oh, He's Everywhere",,Porter Wagoner,"My Favorite Songwriter, Porter Wagoner",1972
Old Black Kettle,,,My Tennessee Mountain Home,1973
Old Enough to Know Better (Too Young to Resist),,Bill Owens,"""Happy, Happy Birthday Baby"" B-side",1965
Old Flames Can't Hold a Candle to You,,Hugh Moffatt;Pebe Sebert,"Dolly, Dolly, Dolly",1980
Old Flames Can't Hold a Candle to You,Kesha,Hugh Moffatt;Pebe Sebert,Rainbow,2017
Old Time Religion,,,Precious Memories,1999
Olive Branch,,,Blue Smoke,2014
On and On,Porter Wagoner,Eddie Sovine,The Right Combination • Burning the Midnight Oil,1972
On My Mind Again,,Porter Wagoner,The Bargain Store,1975
On the Road Again,Ray Benson;Willie Nelson,Willie Nelson,Wild Texas Wind,1991
Once in a Very Blue Moon,,Gene Levine;Pat Alger,Real Love,1985
Once More,Porter Wagoner,Dusty Owens,Once More,1970
Once Upon a Christmas,Kenny Rogers,,Once Upon a Christmas,1984
Once Upon a Christmas,Selah,,Rose of Bethlehem,2002
Once Upon a Memory,,,Love Is Like a Butterfly,1974
One Angel,Rory Feek,Sandy Emory Lawrence,Gentle Man,2021
One by One,Porter Wagoner,Jack Anglin;Jim Anglin;Johnnie Wright,"Just Between You and Me: The Complete Recordings, 1967–1976",2014
One Day at a Time,Porter Wagoner,Joe Babcock,Once More,1970
One Emotion After Another,,,Rhinestone,1984
One of Those Days,,,Burlap & Satin,1983
Only Dreamin',,,Backwoods Barbie,2008
Only Dreamin',,,Live from London,2009
Only Me and My Hairdresser Knows,,Arthur Thomas,Wanted,2010
Only My Pillow Knows,Kathie Lee,David Friedman;Kathie Lee Gifford,Born for You,2000
Only the Memory Remains,,,Dolly,1975
Ooo-eee,,Annie McLoone,Burlap & Satin,1983
Orange Blossom Special,,Ervin Rouse,Live and Well,2004
Our Love,Porter Wagoner,Al Gore;Frank Dycus,Say Forever You'll Be Mine,1975
Outside Your Door,,,Pure & Simple,2016
Packin' It Up,,Lisa Ratner;Sandy Farina,"Dolly, Dolly, Dolly",1980
Palms of Victory,Emmylou Harris;Linda Ronstadt,,Songbird: Rare Tracks and Forgotten Gems,2007
Paradise Road,,,Hungry Again,1998
Peace Train,,Cat Stevens,Treasures,1996
Peace Train,,Cat Stevens,Peace Train,1997
Peace Train,,Cat Stevens,Walking on Sunshine,1999
Peace Train,,Cat Stevens,Peace Train (Remixes),2020
Ping Pong,,Boudleaux Bryant,"""I'm Not Worth the Tears"" B-side",1968
Ping Pong,Kris Kristofferson,Boudleaux Bryant,The Winning Hand,1982
Pink,Jordin Sparks;Monica;Rita Wilson;Sara Evans,Erin Kinsey;Jodi Marr;Victoria Shaw,Non-album single,2020
Pleasant as May,,,Bubbling Over,1973
Pleasant as May,Emmylou Harris;Linda Ronstadt,,The Complete Trio Collection,2016
Please,Rhonda Vincent,Bernie Taupin;Elton John,Restoration: Reimagining the Songs of Elton John and Bernie Taupin,2018
Please Don't Stop Loving Me,Porter Wagoner,Porter Wagoner,Porter 'n' Dolly,1974
Please Help Me I'm Falling (In Love with You),Loretta Lynn;Tammy Wynette,Don Robertson;Hal Blair,Honky Tonk Angels,1993
PMS Blues,,,Heartsongs: Live from Home,1994
Poor Folks Town,Porter Wagoner,,Together Always,1972
Poor Folks Town,,,9 to 5 and Odd Jobs,1980
Possum Holler,Porter Wagoner,Dallas Frazier,Two of a Kind,1971
Potential New Boyfriend,,John Lewis Parker;Steve Kipner,Burlap & Satin,1983
Power in the Blood,,Lewis E. Jones,Precious Memories,1999
Preacher Tom,,,All I Can Do,1976
Precious Memories,,J.B.F. Wright,Precious Memories,1999
Pretty Flowers,Steve Martin;Vince Gill,Steve Martin,The Crow: New Songs for the 5-String Banjo,2009
Pretty Is as Pretty Does,,,A Smoky Mountain Christmas,1986
Pretty Paper,Willie Nelson,Willie Nelson,A Holly Dolly Christmas,2020
Prime of Our Love,,,Heartbreak Express,1982
Puppy Love,,Bill Owens,Single A-side,1959
Pure and Simple,,,Pure & Simple,2016
Push and Pull,Danielle Macdonald;Jennifer Aniston,Linda Perry,Dumplin',2018
Put a Little Love in Your Heart,The Christ Church Choir,Jackie DeShannon;Jimmy Holliday;Randy Myers,Slow Dancing with the Moon,1993
Put It Off Until Tomorrow,Bill Phillips,Bill Owens,Put It Off Until Tomorrow,1966
Put It Off Until Tomorrow,,Bill Owens,"Hello, I'm Dolly",1967
Put It Off Until Tomorrow,Porter Wagoner,Bill Owens,Just Between You and Me,1968
Put It Off Until Tomorrow,,Bill Owens,A Real Live Dolly,1970
Put It Off Until Tomorrow,Kris Kristofferson,Bill Owens,The Winning Hand,1982
Put It Off Until Tomorrow,Loretta Lynn;Tammy Wynette,Bill Owens,Honky Tonk Angels,1993
Ragged Angel,Porter Wagoner,,Once More,1970
Rainbowland,Miley Cyrus,Miley Cyrus;Oren Yoel,Younger Now,2017
Randy,,,Jolene,1974
Raven Dove,,,Halos & Horns,2002
Real Love,Kenny Rogers,"David Malloy;Randy McCormick;Richard ""Spady"" Brannan",Real Love,1985
Real Love,,"David Malloy;Randy McCormick;Richard ""Spady"" Brannan",I Will Always Love You: The Essential Dolly Parton One,1995
Red Hot Screaming Love,,Mike Chapman,Rainbow,1987
Red Shoes,,Linda Perry,Dumplin',2018
"Red, White and Bluegrass",,,For God and Country,2003
Release Me,,Dub Williams;Eddie Miller;Robert Yount,Hits Made Famous by Country Queens,1963
Release Me,,Dub Williams;Eddie Miller;Robert Yount,Heartbreak Express,1982
Responsibility,,,I Believe in You,2017
River of Happiness,,,Jolene,1974
River of Happiness,,,I'll Fly Away: Country Hymns & Songs of Faith,2007
Road Happy,Ray Benson,,Wild Texas Wind,1991
Road to Bethlehem,Dailey & Vincent,Jeff Bates;Jimmy Fortune,The Sounds of Christmas,2018
Robert,,,The Fairest of Them All,1970
Rockin' Years,Ricky Van Shelton,Floyd Parton,Eagle When She Flies,1991
Rockin' Years,George Jones,Floyd Parton,Burn Your Playhouse Down: The Unreleased Duets,2008
Rocky Top,,Boudleaux Bryant;Felice Bryant,Live and Well,2004
Rocky Top,,Boudleaux Bryant;Felice Bryant,Live from Glastonbury 2014,2016
Rollin' in My Sweet Baby's Arms,Ronnie Milsap,,In Concert with Host Charley Pride,1975
Romeo,Billy Ray Cyrus;Kathy Mattea;Mary-Chapin Carpenter;Pam Tillis;Tanya Tucker,,Slow Dancing with the Moon,1993
Rose of My Heart,,,Backwoods Barbie: Collector's Edition,2009
Rosewood Casket,Emmylou Harris;Linda Ronstadt,Avie Lee Parton,Trio,1987
Rudolph the Red-Nosed Reindeer,,Johnny Marks,Home for Christmas,1990
Run,,,"Run, Rose, Run",2022
Run That by Me One More Time,Porter Wagoner,,Porter Wayne and Dolly Rebecca,1970
Run That by Me One More Time,Porter Wagoner,,A Real Live Dolly,1970
Runaway Feelin',,,Eagle When She Flies,1991
Runaway Feelin',,,Heartsong,1994
Runaway Feelin',Billy Dean,,Blue Valley Songbird,1999
Sacred Memories,,,Love Is Like a Butterfly,1974
Same Old Fool,,Glenn Sutton;Greg Leroy;Jim Helmer,"Dolly, Dolly, Dolly",1980
Sandy's Song,,,Great Balls of Fire,1979
Santa Claus Is Coming to Town,,Haven Gillespie;John Frederick Coots,Home for Christmas,1990
Satan's River,Porter Wagoner,Porter Wagoner,We Found It,1973
Satin Sheets,,John E. Volinkaty,Treasures,1996
Satisfied,Vestal Goodman,Martha Carson,Vestal & Friends,1999
Save the Last Dance for Me,,Doc Pomus;Mort Shuman,Single A-side,1983
Save the Last Dance for Me,,Doc Pomus;Mort Shuman,The Great Pretender,1984
Savin' It for You,,David Loeb;Dino Fekaris,Rainbow,1987
Say It's True,,,Wild Texas Wind,1991
Say Forever You'll Be Mine,Porter Wagoner,,Say Forever You'll Be Mine,1975
Say Forever You'll Be Mine,,,Pure & Simple,2016
Say Goodnight,,Gary Portnoy;Susan Sheridan,"Dolly, Dolly, Dolly",1980
Second Best,,,Touch Your Woman,1972
Secrets,,,"Run, Rose, Run",2022
Send Me No Roses,,Harry Mills,Wanted,2010
Sent from Above,,,Non-album single,2021
Send Me the Pillow That You Dream On,,Hank Locklin,Burlap & Satin,1983
Send Me the Pillow That You Dream On,Hank Locklin,Hank Locklin,Generations in Song,2001
Seven Bridges Road,,Steve Young,Little Sparrow,2001
Sha-Kon-O-Hey!,,,Sha-Kon-O-Hey! Land of Blue Smoke,2009
Shattered Image,,,All I Can Do,1976
Shattered Image,,,Halos & Horns,2002
Shattered Image,,,An Evening with Dolly,2012
She Don't Love You (Like I Love You),,Calvin Carter;Curtis Mayfield;Jerry Butler,The Great Pretender,1984
She Don't Love You (Like I Love You),,Calvin Carter;Curtis Mayfield;Jerry Butler,Think About Love,1986
She Never Met a Man (She Didn't Like),,,Coat of Many Colors,1971
Shine,,Ed Roland,Little Sparrow,2001
Shine,,Ed Roland,Live and Well,2004
Shine,,Ed Roland,Love Always: Live from Texas,2009
Shine Like the Sun,,,Better Day,2011
Shine On,,,Hungry Again,1998
Shinola,,,Backwoods Barbie,2008
Shinola,,,Live from London,2009
Silent Night,,Franz Xaver Gruber;Joseph Mohr,Home for Christmas: The Radio Special,1990
Silent Night,,Franz Xaver Gruber;Joseph Mohr,Annabelle's Wish,1997
Silent Night,Billy Dean,Franz Xaver Gruber;Joseph Mohr,The Christ (A Song for Joseph),2005
Silver and Gold,,Carl Perkins;Gregg Perkins;Stan Perkins,Eagle When She Flies,1991
Silver Dagger,,,The Grass Is Blue,1999
Silver Sandals,Porter Wagoner,,Porter Wayne and Dolly Rebecca,1970
Silver Threads and Golden Needles,Loretta Lynn;Tammy Wynette,Dick Reynolds;Jack Rhodes,Honky Tonk Angels,1993
Sing for the Common Man,,Frieda Parton;Mark Anderson,9 to 5 and Odd Jobs,1980
Singing on the Mountain,Porter Wagoner,Porter Wagoner,Porter & Dolly,1980
Singing on the Mountain,Porter Wagoner,Porter Wagoner,"Just Between You and Me: The Complete Recordings, 1967–1976",2014
Single Women,,Michael O'Donoghue,Heartbreak Express,1982
Sisters,Stella Parton,Stella Parton,Always Tomorrow,1989
Sittin' on the Front Porch Swing,Loretta Lynn;Tammy Wynette,Buddy Sheffield,Honky Tonk Angels,1993
Sixteen Years,Porter Wagoner,Porter Wagoner;Tom Pick,Porter 'n' Dolly,1974
Sleepless Nights,The Nobles,,Slow Glowin' Dream,1998
Sleigh Ride,,Leroy Anderson;Mitchell Parish,Once Upon a Christmas,1984
Slip Away Today,Porter Wagoner,Curly Putman,Just the Two of Us,1968
Slippin' Around,Floyd Tillman,Floyd Tilman,The Influence,2004
Slow Dancing with the Moon,,Mac Davis,Slow Dancing with the Moon,1993
Slow Healing Heart,,Jim Rushing,White Limozeen,1989
Slowly I'm Falling to Pieces,Paul Brewster,Paul Brewster,Everybody's Talkin',2003
Smoky Mountain Memories,,,Heartsongs: Live from Home,1994
Smoky Mountain Memories,Bryan Sutton,,Ready to Go,2000
Smoky Mountain Memories,,,Live and Well,2004
Smoky Mountain Rain,Ronnie Milsap,Dennis Morgan;Kye Fleming,The Duets,2019
Snakes in the Grass,,,"Run, Rose, Run",2022
Sneakin' Around,Burt Reynolds,,The Best Little Whorehouse in Texas,1982
"So Little I Wanted, So Little I Got",Bill Owens,Bill Owens,Single A-side,1960
Softly and Tenderly,,Will L. Thompson,Precious Memories,1999
Softly and Tenderly,Emmylou Harris;Linda Ronstadt,Will L. Thompson,Songbird: Rare Tracks and Forgotten Gems,2007
Somebody's Everything,,,Backwoods Barbie,2008
Somebody's Missing You,,,First Dog,2010
Somebody's Missing You,,,Better Day,2011
Someone Just Like You,Porter Wagoner,Joe Hudgins,Porter & Dolly,1980
Someone Just Like You,Porter Wagoner,Joe Hudgins,"Just Between You and Me: The Complete Recordings, 1967–1976",2014
Something Bigger Than Me,,Marty Panzer;Steve Dorff,Annabelle's Wish,1997
Something Fishy,,,"Hello, I'm Dolly",1967
Something Fishy,,,A Real Live Dolly,1970
Something More,,,1927 Jubilee: The New Bristol Sessions,2018
Something Special,,,Something Special,1995
Something to Reach For,Porter Wagoner,,Say Forever You'll Be Mine,1975
Something's Burning,,Mac Davis,Treasures,1996
Sometimes an Old Memory Gets in My Eye,,Bill Owens,Bubbling Over,1973
Somewhere Along the Way,Porter Wagoner,,The Right Combination • Burning the Midnight Oil,1972
Somewhere Between,Porter Wagoner,Merle Haggard,Just the Two of Us,1968
Sorrow's Tearing Down the House (That Happiness Once Built),Porter Wagoner,Kent Westberry;Mel Tillis,Just Between You and Me,1968
Sounds of Nature,Porter Wagoner,Porter Wagoner,Porter 'n' Dolly,1974
Sounds of Night,Porter Wagoner,Porter Wagoner,Love and Music,1973
Speakin' of the Devil,,,Wild Texas Wind,1991
Speakin' of the Devil,,,Something Special,1995
Stairway to Heaven,,Jimmy Page;Robert Plant,Halos & Horns,2002
Stairway to Heaven,,Jimmy Page;Robert Plant,Live and Well,2004
Stand by the River,Dottie Rambo,Dottie Rambo,Stand by the River,2003
Star of the Show,,,Great Balls of Fire,1979
Starting Over Again,,Bruce Sudano;Donna Summer,"Dolly, Dolly, Dolly",1980
Stay Out of My Bedroom,Sylvester Stallone,,Rhinestone,1984
Steady as the Rain,,,The Grass Is Blue,1999
Steady as the Rain,The Larkins,,The Larkins,2003
Still on Your Mind,,Porter Wagoner,"My Favorite Songwriter, Porter Wagoner",1972
Straight Talk,,,Straight Talk,1992
Sugar Hill,,,Halos & Horns,2002
Sure Thing,,,Heartbreaker,1978
Sweet Agony,,David Wolfert;Susan Sheridan,"Dolly, Dolly, Dolly",1980
Sweet Lovin' Friends,Sylvester Stallone,,Rhinestone,1984
Sweet Music Man,,Kenny Rogers,Here You Come Again,1977
Sweet Rachel Ann,Porter Wagoner,,We Found It,1973
Sweet Summer Lovin',,Blaise Totsi,Great Balls of Fire,1979
Swingin' Like Tarzan and Jane,,,Wild Texas Wind,1991
Take Away,Porter Wagoner,Porter Wagoner,Together Always,1972
Take Me Back,,,Love Is Like a Butterfly,1974
Take Me Back to the Country,,Karen Staley,White Limozeen,1989
Tall Man,,Billy Strange;Juan Esquivel,A Real Live Dolly,1970
Tall Man,,Billy Strange;Juan Esquivel,Wild Texas Wind,1991
Tangled Vines,Porter Wagoner,Damon Black,Playlist: The Very Best of Porter Wagoner & Dolly Parton,2012
Teach Me to Trust,,Gene Golden,Something Special,1995
Tell Me That You Love Me,Kenny Rogers,Buffy Lawson;Eric Pittarelli;Todd Cerney,The First 50 Years,2009
Telling Me Lies,Emmylou Harris;Linda Ronstadt,Betsy Cook;Linda Thompson,Trio,1987
Ten Four–Over and Out,Porter Wagoner,Porter Wagoner,Together Always,1972
Tennessee Homesick Blues,,,Rhinestone,1984
Tennessee Homesick Blues,,,Single A-side,1984
Thank God I'm a Country Boy,Roy Rivers,John Sommers,Thank God I'm a Country Boy,2004
That's the Way It Could Have Been,Loretta Lynn;Tammy Wynette,Tammy Wynette,Honky Tonk Angels,1993
That's When Love Will Mean the Most,Porter Wagoner,Porter Wagoner,We Found It,1973
The Angels Rejoiced,Sonya Isaacs,Charlie Louvin;Ira Louvin,"Livin', Lovin', Losin': Songs of the Louvin Brothers",2003
The Bargain Store,,,The Bargain Store,1975
The Bargain Store,,,In Concert with Host Charley Pride,1975
The Beautiful Lie,,"David ""Butch"" McDade",Little Sparrow,2001
The Beginning,,,Bubbling Over,1973
The Beginning,,,Say Forever You'll Be Mine,1975
The Better Part of Life,,,My Tennessee Mountain Home,1973
The Bird That Never Flew,,Porter Wagoner,"My Favorite Songwriter, Porter Wagoner",1972
The Blue Train,Emmylou Harris,Jennifer Kimball;Tom Kimmel,Trio II,1999
The Blues Ain't Workin' on Me,Rhonda Vincent,George Teren;Tom Shapiro,Trouble Free,1996
The Blues Man,George Jones,Hank Williams Jr.,Hits I Missed...And One I Didn't,2005
The Bridge,,,Just Because I'm a Woman,1968
The Bright Blue Rose,Maura O'Connell,Jimmy MacCarthy,Naked with Friends,2009
The Camel's Heart,,,Hungry Again,1998
The Carroll County Accident,,Bob Ferguson,In the Good Old Days (When Times Were Bad),1969
The Carroll County Accident,Buck Trent,Bob Ferguson,Spartanburg Blues,2018
The Company You Keep,,Bill Owens,"Hello, I'm Dolly",1967
The Cruel War,Alison Krauss;Dan Tyminski;Mindy Smith,,Those Were the Days,2005
The Dark End of the Street,Porter Wagoner,Chips Moman;Dan Penn,Just the Two of Us,1968
The Day I Fall in Love,James Ingram,Carole Bayer Sager;Cliff Magness;James Ingram,Beethoven's 2nd,1993
The Fall,,,Single A-side,2021
The Fighting Kind,Porter Wagoner,,Two of a Kind,1971
The Fire That Keeps You Warm,Porter Wagoner,,Porter 'n' Dolly,1974
The Fire That Keeps You Warm,,,All I Can Do,1976
The Fire's Still Burning,,Dorothy Jo Hope,Joshua,1971
The Flame,Porter Wagoner,,Two of a Kind,1971
The Fog Has Lifted,Porter Wagoner,Dave Kirby;Don Stock,The Right Combination • Burning the Midnight Oil,1972
The Giving and the Taking,,Bill Owens,"Hello, I'm Dolly",1967
The Glory Forever,,,For God and Country,2003
The Golden Streets of Glory,,,The Golden Streets of Glory,1971
The Golden Streets of Glory,,,"Just Between You and Me: The Complete Recordings, 1967–1976",2014
The Grass Is Blue,,,The Grass Is Blue,1999
The Grass Is Blue,,,Live and Well,2004
The Grass Is Blue,,,"Singer, Songwriter & Legendary Performer",2007
The Grass Is Blue,,,Live from London,2009
The Great Pretender,,Buck Ram,The Great Pretender,1984
The Greatest Days of All,,,Touch Your Woman,1972
The Greatest Gift of All,Kenny Rogers,John Jarvis,Once Upon a Christmas,1984
The House of the Rising Sun,,Mike Post,9 to 5 and Odd Jobs,1980
The House Where Love Lives,Porter Wagoner,Leona Reese,"Always, Always",1969
The Last One to Touch Me,,,Joshua,1971
The Last Thing on My Mind,Porter Wagoner,Tom Paxton,Just Between You and Me,1968
The Last Thing on My Mind,Porter Wagoner,Tom Paxton,Rare Country Legends Live,2009
The Last Word in Lonesome Is Me,Alison Krauss,Roger Miller,King of the Road: A Tribute to Roger Miller,2018
The Little Drummer Boy,,Harry Simeone;Henry Onorati;K.K. Davis,Home for Christmas,1990
The Little Things,,Bill Owens,"Hello, I'm Dolly",1967
The Little Things,,Bill Owens,The Winning Hand,1982
The Lonesomes,,,Backwoods Barbie,2008
The Lord Is My Shepherd,,,For God and Country,2003
The Love I Used to Call Mine,,,Dolly,1975
The Love You Gave,The Merry Melody Singers,Marie Jones;Robert Riley,"""It's Sure Gonna Hurt"" B-side",1962
The Magic of Being Together,,,Dolly Parton's Christmas of Many Colors: Circle of Love,2016
The Man,,,Heartbreaker,1978
The Master's Hand,,,The Golden Streets of Glory,1971
The Monkey's Tale,,Leona Ross,My Blue Ridge Mountain Boy,1969
"The Moon, the Stars and Me",,Diana Rae;Wayland Patton,White Limozeen,1989
The Mystery of the Mystery,,Porter Wagoner,Coat of Many Colors,1971
The Only Hand You'll Need to Hold,,,The Bargain Store,1975
The Only Way Out (Is to Walk Over Me),,Neal Merritt,Just Because I'm a Woman,1968
The Pain of Loving You,Porter Wagoner,Porter Wagoner,Two of a Kind,1971
The Pain of Loving You,Emmylou Harris;Linda Ronstadt,Porter Wagoner,Trio,1987
The Pain of Loving You,The Grascals,Porter Wagoner,Country Classics with a Bluegrass Spin,2011
The Party,Porter Wagoner,,Just the Two of Us,1968
The Power of Love,Porter Wagoner,Porter Wagoner,Porter 'n' Dolly,1974
The Pretty Young Girl,Altan,,The Blue Idol,2002
The Right Combination,Porter Wagoner,Porter Wagoner,The Right Combination • Burning the Midnight Oil,1972
The Right Time,Brother Clyde,Billy Ray Cyrus;Morris Joseph Tancredi,Brother Clyde,2010
The River Unbroken,,Darrell Brown;David Batteau,Rainbow,1987
The Sacrifice,,,Better Day,2011
The Salt in My Tears,,,Hungry Again,1998
The Seeker,,,Dolly,1975
The Seeker,,,Something Special,1995
The Seeker,,,Live at the Bottom Line,2015
The Seeker,Julie and Dan,,"Hymns: Some of Old, Some of New",2022
The Star-Spangled Banner,,Francis Scott Key,For God and Country,2003
The Story,,Tim Hanseroth,Cover Stories,2017
The Tender Touch of Love,,Porter Wagoner,Coat of Many Colors,2007
The Tracks of My Tears,,Marvin Tarplin;Warren Moore;William Robinson,Backwoods Barbie,2008
The Way I See You,,Porter Wagoner,Coat of Many Colors,1971
The Wish Book,,,A Holly Dolly Christmas,2020
There,,,New Harvest...First Gathering,1977
There Never Was a Time,Porter Wagoner,Margaret Lewis;Myra Smith,"Always, Always",1969
There Was Jesus,Zach Williams,Casey Beathard;Jonathan Smith;Zach Williams,Rescue Story,2019
There Will Be Peace in the Valley,,,For God and Country,2003
There'll Always Be Music,Porter Wagoner,,Love and Music,1973
There'll Always Be Music,Porter Wagoner,,"Just Between You and Me: The Complete Recordings, 1967–1976",2014
There'll Be Love,Porter Wagoner,Porter Wagoner,Two of a Kind,1971
There's a Ring Around the Moon Tonight,Ray Benson,,Wild Texas Wind,1991
There's No Place Like Home,,,Live at the Bottom Line,2015
These Old Bones,,,Halos & Horns,2002
These Old Bones,,,"Singer, Songwriter & Legendary Performer",2007
These Old Bones,,,Dolly Parton's Heartstrings,2019
Think About Love,,"Richard ""Spady"" Brannan;Tom Campbell",Real Love,1985
Think About Love,,"Richard ""Spady"" Brannan;Tom Campbell",Think About Love,1986
This Boy Has Been Hurt,,Bill Owens,As Long as I Love,1970
This Old House,Brenda Lee,Stuart Hamblen,Gospel Duets with Treasured Friends,2007
This Time Has Gotta Be Our Last Time,Porter Wagoner,Bill Owens,Just Between You and Me,1968
Those Memories of You,Emmylou Harris;Linda Ronstadt,Alan O'Bryant,Trio,1987
Those Were the Days,Mary Hopkin;Porter Wagoner & the Opry Gang;The Moscow Circus,Gene Raskin,Those Were the Days,2005
Thought I Couldn't Dance,,,Straight Talk,1992
Thoughtfulness,Porter Wagoner,Bill Owens,Once More,1970
Three Candles,,,A Holly Dolly Christmas,2020
Through Thick and Thin,Porter Wagoner,Bill Owens,The Right Combination • Burning the Midnight Oil,1972
Tie a Yellow Ribbon,,Irwin Levine;Larry Russell Brown,For God and Country,2003
Tie Our Love (In a Double Knot),,Jeff Silbar;John Reid,Real Love,1985
'Til Death Do Us Part,,,My Blue Ridge Mountain Boy,1969
Time and Tears,,,Hungry Again,1998
Time Flies,,,Sha-Kon-O-Hey! Land of Blue Smoke,2009
Time for Me to Fly,,Kevin Cronin,White Limozeen,1989
To Daddy,,,Heartsongs: Live from Home,1994
To Daddy,,,Single A-side,1994
To Daddy,,,I Will Always Love You: The Essential Dolly Parton One,1995
To Daddy,Tom Astor,,Alles llar – kein problem!,2008
To Know Him Is to Love Him,Emmylou Harris;Linda Ronstadt,Phil Spector,Trio,1987
Today I Started Loving You Again,,Bonnie Owens;Merle Haggard,Treasures,1996
"Today, Tomorrow and Forever",Porter Wagoner,Bill Owens,Two of a Kind,1971
Together Always,Porter Wagoner,,Together Always,1972
Together Forever,,,I Believe in You,2017
Together You and I,Porter Wagoner,,Porter 'n' Dolly,1974
Together You and I,,,Better Day,2011
Tomorrow Is Forever,Porter Wagoner,,Porter Wayne and Dolly Rebecca,1970
Tomorrow Is Forever,Porter Wagoner,,A Real Live Dolly,1970
Tomorrow Is Forever,Solomon Burke,,Nashville,2006
Tomorrow Is Forever,,,Pure & Simple,2016
Tomorrow's Tears Today,Billy Earl;The Kinfolks,,Dolly Parton Presents Billy Earl and the Kinfolks,
Too Far Gone,Porter Wagoner,,Porter 'n' Dolly,1974
Too Lonely Too Long,,,As Long as I Love,1970
Touch of a Dove,Brian Waldschalger,Brian Waldschalger,Down There,2000
Touch Your Woman,,,Touch Your Woman,1972
Touch Your Woman,,,Rare Country Legends Live,2009
Touching Memories,Porter Wagoner,Porter Wagoner;Tom Pick,Porter & Dolly,1980
Touching Memories,Porter Wagoner,Porter Wagoner;Tom Pick,"Just Between You and Me: The Complete Recordings, 1967–1976",2014
"Train, Train",,Shorty Medlocke,The Grass Is Blue,1999
"Train, Train",,Shorty Medlocke,Live and Well,2004
"Train, Train",Eric Lee Beddingfield,Shorty Medlocke,Eric Lee Beddingfield,2007
"Train, Train",,Shorty Medlocke,Love Always: Live from Texas,2009
Travelin' Prayer,,Billy Joel,The Grass Is Blue,1999
Travelin' Thru,,,Transamerica,2006
Traveling Man,,,Coat of Many Colors,1971
Traveling Man,,,Bubbling Over,1973
True Blue,,James Newton Howard,Heartsongs: Live from Home,1994
True Blue,Isabelle Boulay,James Newton Howard,Les grands espaces,2011
Try,,,Blue Smoke,2014
Try Being Lonely,,Charles Trent;George McCormick,Just Because I'm a Woman,1968
"Turn, Turn, Turn (To Everything There Is a Season)",,Pete Seeger,The Great Pretender,1984
"Turn, Turn, Turn (To Everything There Is a Season)",Roger McGuinn,Pete Seeger,Those Were the Days,2005
Twelfth of Never,Keith Urban,Emily Bree Stevenson;Lisa Lee Reagan,Those Were the Days,2005
Twelve Days of Christmas,Bill Anderson;Charlie Daniels;EmiSunshine;Gene Watson;Jeannie Seely;Larry Gatlin;Lorrie Morgan;Pam Tillis;Rhonda Vincent;Ronnie Milsap;The Oak Ridge Boys;Willie Nelson,,Christmas Time,2015
Twin Mounds of Clay,,Howard Lips,"Just Between You and Me: The Complete Recordings, 1967–1976",2014
Two,Porter Wagoner,,Porter 'n' Dolly,1974
Two Doors Down,,,Here You Come Again,1977
Two Doors Down,,,Single A-side,1978
Two Doors Down,,,Walking on Sunshine,1999
Two Doors Down,,,Live and Well,2004
Two Doors Down,,,"Singer, Songwriter & Legendary Performer",2007
Two Doors Down,,,Live from London,2009
Two Doors Down,,,Live from Glastonbury 2014,2016
Two Doors Down,Dorothy;Macy Gray,,Dumplin',2018
Two Little Orphans,,David Kleiber,Hits Made Famous by Country Queens,1963
Two Lovers,,William Robinson,Rainbow,1987
Two of a Kind,Porter Wagoner,Porter Wagoner,Two of a Kind,1971
Two of the Lucky Ones,Hal Ketchum,Jon Davis;Sherrié Austin;Will Rambeaux,Lucky Man,2001
Two Sides to Every Story,Porter Wagoner,Bill Owens,Just Between You and Me,1968
Two Sides to Every Story,Porter Wagoner,Bill Owens,A Real Live Dolly,1970
Undercover,Kenny Rogers,,Back to the Well,2003
Unlikely Angel,,,Unlikely Angel,1996
Unlikely Angel,,,Blue Smoke,2014
Unwed Fathers,Gail Davies,Bobby Braddock;John Prine,Where Is a Woman to Go,1984
Violet and a Rose,Pam Tillis,John Reinfeld;Little Jimmy Dickens;Mel Tillis;Thresa Auge,It's All Relative: Tillis Sings Tillis,2002
 Viva Las Vegas,The Grascals,Doc Pomus;Mort Shuman,The Grascals,2005
Wabash Cannonball,,A.P. Carter,A Real Live Dolly,1970
Wait 'Til I Get You Home,Mac Davis,Mac Davis,White Limozeen,1989
Waitin' for the Phone to Ring,Mac McAnally;Patty Loveless,Bob Tassi;Joe Tassi,Up Against My Heart,1991
Waldo the Weirdo,Porter Wagoner,Porter Wagoner,"Just Between You and Me: The Complete Recordings, 1967–1976",2014
Walls of My Mind,,,Joshua,1971
Walking on Sunshine,,Kimberley Rew,Treasures,1996
Walking on Sunshine,,Kimberley Rew,Walking on Sunshine,1999
Wanted,,,Wanted,2010
Walter Henry Hagen,,,Heartsongs: Live from Home,1994
Waltz Across Texas Tonight,Emmylou Harris;Linda Ronstadt,Emmylou Harris;Rodney Crowell,The Complete Trio Collection,2016
Washday Blues,,Porter Wagoner,"My Favorite Songwriter, Porter Wagoner",1972
Wasting Love,Porter Wagoner,Porter Wagoner,Love and Music,1973
Wave to the World,Artists for the Paralympic Games,Gary Burr;Joe Henry,Non-album single,2000
Wayfaring Stranger,,,Heartsongs: Live from Home,1994
We Can't Let This Happen to Us,Porter Wagoner,Dorothy Jo Hope,Porter Wayne and Dolly Rebecca,1970
We Found It,Porter Wagoner,Porter Wagoner,We Found It,1973
We Got Too Much,,,Real Love,1985
We Had All the Good Things Going,,Jerry Monday;Merv Shiner,My Blue Ridge Mountain Boy,1969
We Had It All,,Donnie Fritts;Troy Seals,The Great Pretender,1984
We Had It All,,Donnie Fritts;Troy Seals,Think About Love,1986
We Irish,,,Live and Well,2004
We Might Be in Love,Billy Dean,,Blue Valley Songbird,1999
We Three Kings,,John Henry Hopkins Jr.;The Mighty Fine Band,Home for Christmas,1990
We Used To,,,Dolly,1975
We'd Have to Be Crazy,Porter Wagoner,,Porter 'n' Dolly,1974
We'll Get Ahead Someday,Porter Wagoner,Mack Magaha,Just the Two of Us,1968
We'll Sing in the Sunshine,,Gale Garnett,The Great Pretender,1984
We're Through Forever ('Til Tomorrow),Richard Dennison,Blaise Tosti,Heartbreaker,1978
Welcome Home,,,For God and Country,2003
What a Friend We Have in Jesus,,Charles Converse;Joseph M. Scriven,Heartsongs: Live from Home,1994
What a Friend We Have in Jesus,,Charles Converse;Joseph M. Scriven,Precious Memories,1999
What a Heartache,,,Rhinestone,1984
What a Heartache,,,Eagle When She Flies,1991
What a Heartache,,,Halos & Horns,2002
What Ain't to Be Just Might Happen,,Porter Wagoner,"My Favorite Songwriter, Porter Wagoner",1972
What Do You Think About Lovin',,Bill Owens,Single A-side,1964
What Do You Think About Lovin',Brenda Lee,Bill Owens,The Winning Hand,1982
What Is It My Love,,,White Limozeen,1989
What Will Baby Be,,,Slow Dancing with the Moon,1993
What Will Baby Be,,,Dolly,2009
Whatcha Tryin' to Do to Me?,,,Unlikely Angel,1996
When I Get Where I'm Going,Brad Paisley,George Teren;Rivers Rutherford,Time Well Wasted,2005
When I Sing for Him,,Porter Wagoner,"My Favorite Songwriter, Porter Wagoner",1972
When I Stop Dreaming,Emmylou Harris,Charlie Louvin;Ira Louvin,Luxury Liner,1976
When I Stop Dreaming,Don Henley,Charlie Louvin;Ira Louvin,Cass County,2015
When I'm Gone,,,The Bargain Store,1975
When Jesus Comes Calling for Me,,,Hungry Again,1998
When Johnny Comes Marching Home,,Louis Lambert,For God and Country,2003
When Life Is Good Again,,Kent Wells,Non-album single,2020
When Love Is New,Emmy Rossum,,Songcatcher,2001
When Possession Gets Too Strong,,Louis Owens,The Fairest of Them All,1970
"""When Someone Wants to Leave'",,,Jolene,1974
When the Roll Is Called Up Yonder,,James Milton Black,Precious Memories,1999
When the Sun Goes Down Tomorrow,,,All I Can Do,1976
When They Ring Those Golden Bells,,Dion DeMarbelle,Orthophonic Joy: The 1927 Bristol Sessions Revisited,2015
"When We're Gone, Long Gone",Emmylou Harris,James Paul O'Hara;Kieran Kane,Trio II,1999
When You Tell Me That You Love Me,Julio Iglesias,Albert Hammond;John Bettis,Crazy,1994
Whenever Forever Comes,Collin Raye,Allen Shamblin;Austin Cunningham;Chuck Cannon,Slow Dancing with the Moon,1993
Where Beauty Lives in Memory,,,New Harvest...First Gathering,1977
Where Do the Children Play,Yusuf Islam,Yusuf Islam,Those Were the Days,2005
Where Have All the Flowers Gone,Lee Ann Womack;Norah Jones,Pete Seeger,Those Were the Days,2005
Where the Grass Won't Grow,Emmylou Harris;George Jones;Trisha Yearwood,Earl Montgomery,The Bradley Barn Sessions,1994
Where the Soul Never Dies,Leslie Jordan,William M. Golden,Company's Comin',2021
Where Will the Words Come From,Emmylou Harris;Linda Ronstadt,Glen D. Hardin;Sonny Curtis,The Complete Trio Collection,2016
Whispering Hope,,Alice Hawthorne,For God and Country,2003
White Christmas,,Irving Berlin,Once Upon a Christmas,1984
White Limozeen,,Mac Davis,White Limozeen,1989
Who,,Linda Perry,Dumplin',2018
Why,Mavis Staples,,Dumplin',2018
Why Can't We,,Allen Shamblin;Austin Cunningham;Chuck Cannon,Slow Dancing with the Moon,1993
Why Don't You Haul Off & Love Me,Porter Wagoner,Lonnie Glosson;Wayne Raney,"Always, Always",1969
"Why, Why, Why",,Bill Owens,As Long as I Love,1970
"Why, Why, Why",,Bill Owens,Everything's Beautiful,1988
Why'd You Come in Here Lookin' Like That,,Bob Carlisle;Randy Thomas,White Limozeen,1989
Why'd You Come in Here Lookin' Like That,,Bob Carlisle;Randy Thomas,Live from Glastonbury 2014,2016
Why'd You Come in Here Lookin' Like That,,Bob Carlisle;Randy Thomas,Live and Well,2004
Wild Texas Wind,,Carl Perkins,Wild Texas Wind,1991
Wildest Dreams,,Mac Davis,Eagle When She Flies,1991
Wildflowers,Emmylou Harris;Linda Ronstadt,,Trio,1987
Wildflowers,,,Blue Valley Songbird,1999
Wildflowers,Emmylou Harris;Linda Ronstadt,,The Complete Trio Collection,2016
Will He Be Waiting,,,Touch Your Woman,1972
Will He Be Waiting,,,The Grass Is Blue,1999
Wings of a Dove,,Bob Ferguson,The Golden Streets of Glory,1971
Wings of a Dove,Loretta Lynn;Tammy Wynette,Bob Ferguson,Honky Tonk Angels,1993
Winter Wonderland,,Dick Smith;Felix Bernard,Once Upon a Christmas,1984
With Bells On,Kenny Rogers,,Once Upon a Christmas,1984
With You Gone,,,Heartbreaker,1978
Without You,Porter Wagoner,,Porter 'n' Dolly,1974
Woke Up in Love,Sylvester Stallone,,Rhinestone,1984
Woman Up (And Take It Like a Man),,,"Run, Rose, Run",2022
Wonderful Christmas Time,Chicago,Paul McCartney,Chicago XXXIII: O Christmas Three,2011
Words,Barry Gibb,Barry Gibb;Maurice Gibb;Robin Gibb,"Greenfields: The Gibb Brothers' Songbook, Vol. 1",2021
Working Girl,,,9 to 5 and Odd Jobs,1980
Working on a Dream,,,Sha-Kon-O-Hey! Land of Blue Smoke,2009
Would You Believe,Billy Earl;The Kinfolks,,Dolly Parton Presents Billy Earl and the Kinfolks,
Would You Know Him (If You Saw Him,,Dorothy Jo Hope,Letter to Heaven: Songs of Faith and Inspiration,2010
Wouldn't It Be Great,Loretta Lynn;Tammy Wynette,Loretta Lynn,Honky Tonk Angels,1993
Wrong Direction Home,,,My Tennessee Mountain Home,1973
Wrong Direction Home,Margo O'Donnell;Maura O'Connell,,The Highway of My Life,1999
Yellow Roses,,,White Limozeen,1989
Yes I See God,,Dorothy Jo Hope,The Golden Streets of Glory,1971
You,Porter Wagoner,,Love and Music,1973
You All Come (Y'all Come),,Arlie Diff,A Real Live Dolly,1970
You and Me–Her and Him,Porter Wagoner,Porter Wagoner,Together Always,1972
You Are,,,New Harvest...First Gathering,1977
You Are,,,Live at the Bottom Line,2015
You Are My Christmas,Randy Parton,,A Holly Dolly Christmas,2020
You Can Do It,,,I Believe in You,2017
You Can't Make Old Friends,Kenny Rogers,Caitlyn Smith;Don Schlitz;Ryan Hanna King,You Can't Make Old Friends,2013
You Can't Reach Me Anymore,,Dorothy Jo Hope,Joshua,1971
"""You Can't Say Love Enough"" (JDRF Celebrity Version)",Bill Anderson;Cowboy Troy;Heidi Newfield;Wayne Newton,Donald Clint Goodman;Samuel Courtney Mizell;William D. Nash,Non-album single,2009
You Don't Knock,Emmylou Harris;Linda Ronstadt,Roebuck Staples;Wesley Westbrooks,The Complete Trio Collection,2016
(You Got Me Over) A Heartache Tonight,Billy Dean,Larry Weiss,Slow Dancing with the Moon,1993
You Gotta Be,,,I Believe in You,2017
You Gotta Be My Baby,,George Jones,A Real Live Dolly,1970
You Gotta Be My Baby,,George Jones,Red Hot + Country,1994
You Made a Woman of Me Too Soon,,,Wanted,2010
You Never Took the Time,,Arthur Thomas;Shorty Hall,Wanted,2010
You'll Always Be Special to Me,,Merle Haggard,The Bargain Store,1975
You'll Never Be the Sun,Emmylou Harris,Donagh Long,Trio II,1999
You're the One That Taught Me How to Swing,,,Love Is Like a Butterfly,1974
You're the Only One,,Bruce Roberts;Carole Bayer Sager,Great Balls of Fire,1979
You're the Only One I Ever Needed,,Linda Mallah;Robbie Patton,"Dolly, Dolly, Dolly",1980
You've Lost That Lovin' Feeling,Neil Diamond,Barry Mann;Cynthia Weil;Phil Spector,Up on the Roof: Songs from the Brill Building,1993
Your Gonna Be Sorry,,,Just Because I'm a Woman,1968
Your Kisses Are Charity,Culture Club,George O'Dowd;John Themis;Jon Moss;Mikey Craig;Roy Hay,Cold Shoulder,1999
(Your Love Has Lifted Me) Higher and Higher,,Carl Smith;Gary Jackson,New Harvest...First Gathering,1977
(Your Love Has Lifted Me) Higher and Higher,,Carl Smith;Gary Jackson,Live at the Boarding House,2006
(Your Love Has Lifted Me) Higher and Higher,,Carl Smith;Gary Jackson,Live at the Bottom Line,2015
Your Ole Handy Man,,,"Hello, I'm Dolly",1967
Yours Love,Porter Wagoner,Harlan Howard,"Always, Always",1969
